model,rank_ic,rank_icir,annualized_return,annualized_excess,volatility,sharpe,information_ratio,max_drawdown,calmar,hit_rate,avg_turnover
FactorVAE,0.027118853401027838,0.13467286845084464,0.11668345540401749,0.006628409169240089,0.21618052406619948,0.08091913888022967,0.08091913888022967,0.15582328376379298,0.04253798924740837,0.5031554790590935,0.11242685025817559
Momentum,0.006372556736782235,0.03655082086802759,0.06372746529040678,-0.046327580944370624,0.24588599660757265,-0.5956821910417446,-0.5956821910417446,0.3832544213587702,-0.12087944290407203,0.4865174985656913,0.09293172690763053
Linear (Ridge),0.005275922390233936,0.037045139205012935,0.04299673273144456,-0.0670583135033328,0.2710935580843318,-1.1018839432694627,-1.1018839432694627,0.4014527341700407,-0.16703912514624786,0.4555364314400459,0.32814687320711416
MLP,0.003432953648728004,0.029151064975260505,0.04475171697674817,-0.06530332925802923,0.2874977002723269,-1.1283326714263437,-1.1283326714263437,0.4334568149846749,-0.15065705971271454,0.4440619621342513,0.3558921399885255
GRU,0.012717610689135546,0.09554403654360329,0.07012133401222569,-0.039933712222551716,0.2469371244315314,-0.7182714087492006,-0.7182714087492006,0.31832289819778586,-0.12545032873425088,0.4939759036144578,0.23846242111302354
