model,rank_ic,rank_icir,annualized_return,annualized_excess,volatility,sharpe,information_ratio,max_drawdown,calmar,hit_rate,avg_turnover
FactorVAE,0.015406662619165895,0.10068905551233026,0.09530831338686996,-0.014746732847907458,0.23302723316369423,-0.2245530644457297,-0.2245530644457297,0.2337377278733541,-0.06309093949906823,0.5060240963855421,0.2286976477337923
Momentum,0.006372556736782235,0.03655082086802759,0.06372746529040678,-0.046327580944370624,0.24588599660757265,-0.5956821910417446,-0.5956821910417446,0.3832544213587702,-0.12087944290407203,0.4865174985656913,0.09293172690763053
Linear (Ridge),0.005275922390233936,0.037045139205012935,0.04299673273144456,-0.0670583135033328,0.2710935580843318,-1.1018839432694627,-1.1018839432694627,0.4014527341700407,-0.16703912514624786,0.4555364314400459,0.32814687320711416
MLP,0.009758302495073276,0.07069902817202856,0.07802229119899776,-0.03203275503577969,0.2679664349729545,-0.5438340807887441,-0.5438340807887441,0.2608058186214569,-0.12282224071953395,0.474469305794607,0.3116465863453815
GRU,0.01567521132065477,0.11800567690041623,0.09487840991198211,-0.015176636322795308,0.24639453036188416,-0.26817739535381746,-0.26817739535381746,0.17945103905286616,-0.0845725742402878,0.4819277108433735,0.25095811818703384
