epoch,step,train_loss,train_loss_kl,train_loss_recon,val_rank_ic
0,1978,,,,0.020944425836205482
0,1978,1.373092532157898,0.0032213483937084675,1.3698692321777344,
1,3957,,,,0.020328830927610397
1,3957,1.3641730546951294,0.002550408011302352,1.3616247177124023,
2,5936,,,,0.009153156541287899
2,5936,1.3614152669906616,0.0038050564471632242,1.357610821723938,
