epoch,step,train_loss,train_loss_kl,train_loss_recon,val_rank_ic
0,1978,,,,0.01970643922686577
0,1978,1.3730872869491577,0.0032135273795574903,1.3698745965957642,
