epoch,step,train_gamma_eff,train_loss,train_loss_kl,train_loss_recon,train_post_mu_0,train_post_mu_1,train_post_mu_2,train_post_mu_3,train_post_mu_4,train_post_mu_5,train_post_mu_6,train_post_mu_7,train_post_sig_0,train_post_sig_1,train_post_sig_2,train_post_sig_3,train_post_sig_4,train_post_sig_5,train_post_sig_6,train_post_sig_7,train_prior_mu_0,train_prior_mu_1,train_prior_mu_2,train_prior_mu_3,train_prior_mu_4,train_prior_mu_5,train_prior_mu_6,train_prior_mu_7,train_prior_sig_0,train_prior_sig_1,train_prior_sig_2,train_prior_sig_3,train_prior_sig_4,train_prior_sig_5,train_prior_sig_6,train_prior_sig_7,val_rank_ic
0,1978,,,,,,,,,,,,,,,,,,,,,,,,,,,,,,,,,,,,,0.008618514984846115
0,1978,0.4945000112056732,1.3856557607650757,0.05313162878155708,1.3593988418579102,0.1646728664636612,0.11094184219837189,0.042705170810222626,-0.09934239834547043,0.012862823903560638,-0.16603082418441772,-0.19812610745429993,0.21766342222690582,0.7316498756408691,0.6896708607673645,0.8157538771629333,0.7716444134712219,0.6620569229125977,0.6088560223579407,0.7216520309448242,0.6352992057800293,0.14492620527744293,0.1027417704463005,0.03216947987675667,-0.06746307015419006,0.03759356215596199,-0.1233041062951088,-0.13753516972064972,0.15647797286510468,0.7334405779838562,0.7202809453010559,0.7695502042770386,0.779424786567688,0.7091739773750305,0.6838811635971069,0.7629885673522949,0.6868455410003662,
1,3957,,,,,,,,,,,,,,,,,,,,,,,,,,,,,,,,,,,,,0.019005311653017998
1,3957,0.9999416470527649,1.391735553741455,0.052051279693841934,1.3396857976913452,0.14801841974258423,0.12035468220710754,0.0339619405567646,-0.10490043461322784,0.014323112554848194,-0.14148451387882233,-0.18571890890598297,0.1917112171649933,0.7280802726745605,0.690689742565155,0.7978930473327637,0.7597094774246216,0.6711517572402954,0.6250929236412048,0.719694972038269,0.6561707854270935,0.1514047235250473,0.12685710191726685,0.04714508727192879,-0.10535341501235962,0.014251979999244213,-0.1323021948337555,-0.17389033734798431,0.18736283481121063,0.7832861542701721,0.7474655508995056,0.8459877371788025,0.8186931014060974,0.7241533994674683,0.6749889850616455,0.7737401723861694,0.7083321213722229,
2,5936,,,,,,,,,,,,,,,,,,,,,,,,,,,,,,,,,,,,,0.008586598560214043
2,5936,1.0,1.3877050876617432,0.051640626043081284,1.3360645771026611,0.13853749632835388,0.11670930683612823,0.027089694514870644,-0.10626455396413803,0.016860127449035645,-0.12483017146587372,-0.1757543534040451,0.1767011135816574,0.73005610704422,0.6921849846839905,0.7921494245529175,0.7595981955528259,0.6747749447822571,0.6329073905944824,0.7210072875022888,0.6624149084091187,0.1472572535276413,0.1232098713517189,0.0440678745508194,-0.10280758142471313,0.0153877642005682,-0.1170353889465332,-0.16222432255744934,0.17458738386631012,0.7818400859832764,0.7481151223182678,0.8451507091522217,0.8161942362785339,0.723034143447876,0.6798652410507202,0.7734731435775757,0.7144681811332703,
3,7915,,,,,,,,,,,,,,,,,,,,,,,,,,,,,,,,,,,,,0.01901513896882534
3,7915,1.0,1.3846510648727417,0.0515754371881485,1.3330752849578857,0.1316257119178772,0.1103406623005867,0.02198897860944271,-0.1046975627541542,0.0177775826305151,-0.11826048791408539,-0.16811175644397736,0.17056921124458313,0.7296529412269592,0.6921966671943665,0.7894471883773804,0.7597217559814453,0.6729355454444885,0.6361183524131775,0.7208486795425415,0.6603017449378967,0.13603051006793976,0.11535618454217911,0.03718544915318489,-0.09931717067956924,0.025624742731451988,-0.10769869387149811,-0.16040125489234924,0.16979344189167023,0.7812385559082031,0.7497400045394897,0.8419688940048218,0.8137052655220032,0.7250675559043884,0.6863405108451843,0.7759875059127808,0.7099047303199768,
4,9894,,,,,,,,,,,,,,,,,,,,,,,,,,,,,,,,,,,,,0.0047260853461921215
4,9894,1.0,1.3815059661865234,0.05197867006063461,1.3295276165008545,0.12352180480957031,0.10687270760536194,0.018396761268377304,-0.1020464077591896,0.021773304790258408,-0.11043678969144821,-0.15864743292331696,0.16458913683891296,0.7273469567298889,0.6912550330162048,0.7864855527877808,0.7564484477043152,0.6688615679740906,0.6391561031341553,0.7193657159805298,0.6583252549171448,0.13211983442306519,0.10683771967887878,0.03650452196598053,-0.09613755345344543,0.02350623533129692,-0.10214635729789734,-0.15400613844394684,0.1641753911972046,0.7791110873222351,0.7502151727676392,0.8364911675453186,0.8122887015342712,0.7259567975997925,0.6888347268104553,0.7757755517959595,0.7085791230201721,
5,11873,,,,,,,,,,,,,,,,,,,,,,,,,,,,,,,,,,,,,0.01886153593659401
5,11873,1.0,1.3801261186599731,0.052155837416648865,1.3279688358306885,0.11751231551170349,0.10153239220380783,0.012725959531962872,-0.10235588252544403,0.022848589345812798,-0.10659728199243546,-0.15245382487773895,0.15558184683322906,0.7255403399467468,0.6898088455200195,0.7824692130088806,0.7535051703453064,0.6663579940795898,0.641598105430603,0.7171015739440918,0.6567866802215576,0.12094580382108688,0.10168109834194183,0.03275078162550926,-0.09903780370950699,0.019893020391464233,-0.09357369691133499,-0.1424519568681717,0.15356725454330444,0.7773633599281311,0.7482235431671143,0.8311583399772644,0.8107083439826965,0.7236455082893372,0.6935793161392212,0.7752854228019714,0.7070739269256592,
6,13852,,,,,,,,,,,,,,,,,,,,,,,,,,,,,,,,,,,,,0.014989148825407028
6,13852,1.0,1.3785732984542847,0.05218883231282234,1.3263875246047974,0.11289266496896744,0.09766136854887009,0.01091731432825327,-0.09681107848882675,0.02619115076959133,-0.10330957174301147,-0.1480170637369156,0.15178872644901276,0.7244424223899841,0.6888748407363892,0.7797726988792419,0.7494743466377258,0.6652548909187317,0.6423243880271912,0.7146463394165039,0.6568393111228943,0.11402375251054764,0.0965033546090126,0.032255787402391434,-0.09133271127939224,0.02725384756922722,-0.09433940052986145,-0.13968639075756073,0.14961731433868408,0.7769659757614136,0.7468160390853882,0.8323825001716614,0.8043351769447327,0.7250320315361023,0.6944706439971924,0.7715017795562744,0.7080402970314026,
7,15831,,,,,,,,,,,,,,,,,,,,,,,,,,,,,,,,,,,,,0.013240840286016464
7,15831,1.0,1.3776969909667969,0.05220134183764458,1.3254951238632202,0.10611219704151154,0.09326080232858658,0.0075305188074707985,-0.09185602515935898,0.027701707556843758,-0.10218019038438797,-0.1445595622062683,0.14370547235012054,0.7227748036384583,0.6890215873718262,0.7776178121566772,0.7479575872421265,0.6648363471031189,0.6445510983467102,0.712894082069397,0.6564825177192688,0.10589192807674408,0.09506762772798538,0.02608717419207096,-0.08744313567876816,0.02153725177049637,-0.08993083983659744,-0.13278524577617645,0.14348946511745453,0.7766414284706116,0.7496434450149536,0.8291162252426147,0.802304208278656,0.7228350043296814,0.6943858861923218,0.769609808921814,0.709256112575531,
8,17810,,,,,,,,,,,,,,,,,,,,,,,,,,,,,,,,,,,,,0.004603684414178133
8,17810,1.0,1.3766777515411377,0.05220619961619377,1.3244729042053223,0.10129529237747192,0.09027484804391861,0.005479565355926752,-0.08745833486318588,0.02746245637536049,-0.10053640604019165,-0.14175958931446075,0.13926714658737183,0.7205164432525635,0.6885219812393188,0.7757990956306458,0.7444125413894653,0.663585901260376,0.6447539329528809,0.7113996148109436,0.6569934487342834,0.10523825883865356,0.08605681359767914,0.02415313944220543,-0.08213989436626434,0.025490446016192436,-0.09233390539884567,-0.13132792711257935,0.1368325650691986,0.7733924984931946,0.7468044757843018,0.8275169134140015,0.7980876564979553,0.7224719524383545,0.6950804591178894,0.7692628502845764,0.7083444595336914,
9,19789,,,,,,,,,,,,,,,,,,,,,,,,,,,,,,,,,,,,,0.01741822436451912
9,19789,1.0,1.3756754398345947,0.05218811333179474,1.323487401008606,0.10111315548419952,0.08673930168151855,0.0042144982144236565,-0.08022218197584152,0.030478229746222496,-0.09864144772291183,-0.13905468583106995,0.13818171620368958,0.7193370461463928,0.6897696852684021,0.7743019461631775,0.7433942556381226,0.6644227504730225,0.6448515057563782,0.7101799845695496,0.655619204044342,0.10028961300849915,0.08091428875923157,0.023963550105690956,-0.07203423976898193,0.026476843282580376,-0.08925724029541016,-0.12821117043495178,0.1349354088306427,0.7713793516159058,0.7488358020782471,0.8260019421577454,0.7958240509033203,0.7234118580818176,0.6948290467262268,0.7654314637184143,0.7076024413108826,
10,21768,,,,,,,,,,,,,,,,,,,,,,,,,,,,,,,,,,,,,0.02014671452343464
10,21768,1.0,1.3746477365493774,0.052264705300331116,1.322382926940918,0.09800567477941513,0.0826377123594284,0.0004158912051934749,-0.0783533826470375,0.03049762174487114,-0.09771134704351425,-0.1362900286912918,0.1319049894809723,0.7179571986198425,0.6897193193435669,0.7733134627342224,0.74005526304245,0.66416996717453,0.6435199975967407,0.7084754109382629,0.6553874015808105,0.09911184757947922,0.08116519451141357,0.018333280459046364,-0.07497966289520264,0.02777201682329178,-0.09041819721460342,-0.12418254464864731,0.12838226556777954,0.7711169123649597,0.7492854595184326,0.824555516242981,0.7935706973075867,0.7213678359985352,0.6939664483070374,0.763664722442627,0.7088502645492554,
11,23747,,,,,,,,,,,,,,,,,,,,,,,,,,,,,,,,,,,,,0.025098659098148346
11,23747,1.0,1.373661994934082,0.052425213158130646,1.3212380409240723,0.09532992541790009,0.07809432595968246,0.0035275293048471212,-0.07127223163843155,0.032381366938352585,-0.09680915623903275,-0.13475796580314636,0.12243413180112839,0.7158109545707703,0.6900089979171753,0.7710306644439697,0.7373610734939575,0.6632515788078308,0.6425503492355347,0.7073192000389099,0.6568142771720886,0.09344504773616791,0.0793067216873169,0.018061814829707146,-0.06629133224487305,0.028865745291113853,-0.09101192653179169,-0.12340732663869858,0.11331570893526077,0.7653920650482178,0.7474266886711121,0.8208680152893066,0.7899818420410156,0.719843864440918,0.6939230561256409,0.763063371181488,0.7148250937461853,
12,25726,,,,,,,,,,,,,,,,,,,,,,,,,,,,,,,,,,,,,0.0178212970495224
12,25726,1.0,1.3726615905761719,0.05256132408976555,1.3201005458831787,0.08843530714511871,0.07596443593502045,-0.0026645653415471315,-0.06593568623065948,0.033436354249715805,-0.09876807034015656,-0.13094912469387054,0.11333858221769333,0.7137382626533508,0.6892309188842773,0.7693355083465576,0.7341739535331726,0.6622564196586609,0.6393049955368042,0.7049975991249084,0.6593902111053467,0.08481798321008682,0.07644744217395782,0.011023418046534061,-0.0661495178937912,0.028753558173775673,-0.09484080970287323,-0.11850131303071976,0.11205694824457169,0.7639989256858826,0.7464828491210938,0.819683849811554,0.7877370715141296,0.7229598760604858,0.691880464553833,0.7610185146331787,0.715247392654419,
13,27705,,,,,,,,,,,,,,,,,,,,,,,,,,,,,,,,,,,,,0.012959652580320835
13,27705,1.0,1.3718085289001465,0.05267365276813507,1.3191375732421875,0.08926127851009369,0.07170173525810242,7.795648707542568e-05,-0.060405440628528595,0.03503286838531494,-0.09780304878950119,-0.12797707319259644,0.11158420145511627,0.7123368382453918,0.689795732498169,0.7677011489868164,0.731632649898529,0.6618832349777222,0.6376013159751892,0.7030288577079773,0.6589688658714294,0.08978046476840973,0.06906302273273468,0.014840207062661648,-0.05727469176054001,0.02950935624539852,-0.09257559478282928,-0.11934211105108261,0.1083284541964531,0.7658509016036987,0.7461411356925964,0.8210260272026062,0.7860826253890991,0.7207391858100891,0.6882547736167908,0.7583367228507996,0.7153202891349792,
14,29684,,,,,,,,,,,,,,,,,,,,,,,,,,,,,,,,,,,,,0.018773511052131653
14,29684,1.0,1.3709012269973755,0.052711937576532364,1.3181898593902588,0.08699829131364822,0.06767869740724564,-0.0017615475226193666,-0.056999050080776215,0.03523844853043556,-0.09673779457807541,-0.1275838166475296,0.10783987492322922,0.7122541666030884,0.6896381378173828,0.7659315466880798,0.7304665446281433,0.6609470248222351,0.6356502771377563,0.7006652355194092,0.6598533987998962,0.08951207250356674,0.0643177330493927,0.015213888138532639,-0.05446562170982361,0.03477313742041588,-0.09320971369743347,-0.11778697371482849,0.10554780066013336,0.7624600529670715,0.745917558670044,0.8177314400672913,0.7830058336257935,0.7204625606536865,0.6873120069503784,0.7558426856994629,0.714514970779419,
15,31663,,,,,,,,,,,,,,,,,,,,,,,,,,,,,,,,,,,,,0.012354671023786068
15,31663,1.0,1.3701696395874023,0.05276055634021759,1.3174097537994385,0.08789079636335373,0.06523934751749039,0.0001639949914533645,-0.050309982150793076,0.03716949373483658,-0.09586064517498016,-0.12578757107257843,0.10235106945037842,0.7120901942253113,0.6896721124649048,0.7645726799964905,0.7280787229537964,0.6608077883720398,0.6340373754501343,0.6977573037147522,0.6617172956466675,0.08867475390434265,0.06147073581814766,0.014479169622063637,-0.049450673162937164,0.03657039999961853,-0.0923963114619255,-0.11814213544130325,0.10193929076194763,0.7637158036231995,0.7455706000328064,0.8160989880561829,0.7801073789596558,0.7190903425216675,0.6842748522758484,0.7526124119758606,0.7174469828605652,
16,33642,,,,,,,,,,,,,,,,,,,,,,,,,,,,,,,,,,,,,0.018903378397226334
16,33642,1.0,1.369375467300415,0.05284677445888519,1.316529631614685,0.0840376690030098,0.06163943186402321,0.0007947401027195156,-0.048144370317459106,0.039662983268499374,-0.0944179818034172,-0.12554211914539337,0.09503200650215149,0.7109555602073669,0.688998818397522,0.762550950050354,0.7272624373435974,0.6615360379219055,0.6325759887695312,0.6959251761436462,0.6626917123794556,0.08535642176866531,0.05877549201250076,0.014329238794744015,-0.04624934494495392,0.03531866893172264,-0.09130802750587463,-0.11375144124031067,0.0908098816871643,0.7620301246643066,0.7442470788955688,0.8151804208755493,0.7801951766014099,0.7178167104721069,0.6847579479217529,0.7524753212928772,0.7182403206825256,
17,35621,,,,,,,,,,,,,,,,,,,,,,,,,,,,,,,,,,,,,0.018117783591151237
17,35621,1.0,1.3686176538467407,0.052982840687036514,1.3156344890594482,0.07970806211233139,0.06304730474948883,-0.0008775161113590002,-0.044713642448186874,0.03935268893837929,-0.09402349591255188,-0.12800458073616028,0.09247909486293793,0.7115817070007324,0.6875078678131104,0.7602762579917908,0.7259311676025391,0.6591484546661377,0.6323683857917786,0.6935474276542664,0.6638362407684326,0.08452638983726501,0.058791834861040115,0.009540441446006298,-0.043728020042181015,0.03793004900217056,-0.09323391318321228,-0.11757389456033707,0.09007494896650314,0.7618845701217651,0.7434532046318054,0.8139150142669678,0.7789293527603149,0.7162551879882812,0.6849141120910645,0.7500402331352234,0.7185962200164795,
18,37600,,,,,,,,,,,,,,,,,,,,,,,,,,,,,,,,,,,,,0.017157649621367455
18,37600,1.0,1.3675401210784912,0.05304976925253868,1.3144904375076294,0.07589505612850189,0.05676742270588875,0.0008013644837774336,-0.04144498333334923,0.04089156910777092,-0.08976379036903381,-0.12642307579517365,0.0848124772310257,0.7108034491539001,0.6886876225471497,0.7587880492210388,0.7247408628463745,0.6604228615760803,0.6321542263031006,0.6918423771858215,0.6649884581565857,0.07941657304763794,0.05275888741016388,0.010628527961671352,-0.04066285490989685,0.03752646595239639,-0.08781896531581879,-0.11393419653177261,0.08184225112199783,0.7613528370857239,0.7427788972854614,0.8102402091026306,0.778556227684021,0.719129204750061,0.6864627003669739,0.7499502897262573,0.7215037941932678,
19,39579,,,,,,,,,,,,,,,,,,,,,,,,,,,,,,,,,,,,,0.013853099197149277
19,39579,1.0,1.3669847249984741,0.053302615880966187,1.313681960105896,0.07230568677186966,0.05585235729813576,-0.0016014723805710673,-0.04225518926978111,0.041684504598379135,-0.0885012075304985,-0.12702056765556335,0.0793454721570015,0.7095892429351807,0.6879364848136902,0.7562825679779053,0.7236270308494568,0.6592535376548767,0.6321648359298706,0.6898912787437439,0.6663413047790527,0.07603920996189117,0.0498010516166687,0.007182564120739698,-0.04343661665916443,0.0376473143696785,-0.08658646047115326,-0.1126246452331543,0.08154363930225372,0.7618108987808228,0.7442651987075806,0.8100135326385498,0.7779684662818909,0.7151589393615723,0.6848770976066589,0.7475457191467285,0.7243885397911072,
20,41558,,,,,,,,,,,,,,,,,,,,,,,,,,,,,,,,,,,,,0.02340022101998329
20,41558,1.0,1.3663015365600586,0.05338050425052643,1.3129212856292725,0.06851451843976974,0.053418006747961044,0.0016388852382078767,-0.038135502487421036,0.041474368423223495,-0.08873363584280014,-0.12269129604101181,0.07909223437309265,0.7085385918617249,0.6864221096038818,0.7535498738288879,0.7219359278678894,0.6594089269638062,0.6326786279678345,0.6889190673828125,0.6671140193939209,0.0707102119922638,0.055964481085538864,0.008740786463022232,-0.03863415867090225,0.04394524171948433,-0.08562315255403519,-0.11214599013328552,0.07440469413995743,0.7604984641075134,0.7424569725990295,0.8051760792732239,0.7746717929840088,0.7158443331718445,0.6858833432197571,0.7468592524528503,0.7259575128555298,
21,43537,,,,,,,,,,,,,,,,,,,,,,,,,,,,,,,,,,,,,0.013279611244797707
21,43537,1.0,1.365736484527588,0.05358242616057396,1.3121542930603027,0.0667739063501358,0.05059977248311043,0.0020898994989693165,-0.0361173152923584,0.04059145227074623,-0.08660692721605301,-0.12208116799592972,0.07603367418050766,0.708594024181366,0.6879868507385254,0.750860869884491,0.7206344604492188,0.6584794521331787,0.6333900690078735,0.6879874467849731,0.6660030484199524,0.07052863389253616,0.0471460334956646,0.006422620266675949,-0.03671266883611679,0.041281815618276596,-0.08578258007764816,-0.10978636890649796,0.07751058042049408,0.758783757686615,0.7431303262710571,0.80525141954422,0.7742452025413513,0.7177181839942932,0.686282217502594,0.7476534247398376,0.7264871001243591,
22,45516,,,,,,,,,,,,,,,,,,,,,,,,,,,,,,,,,,,,,0.02163117378950119
22,45516,1.0,1.3651024103164673,0.05364573001861572,1.3114557266235352,0.06436005234718323,0.04844452813267708,0.0013687509344890714,-0.034693393856287,0.04051804170012474,-0.08629145473241806,-0.11966175585985184,0.07204494625329971,0.7076836228370667,0.6868307590484619,0.7485963106155396,0.7184251546859741,0.6590397357940674,0.6327415108680725,0.6861159801483154,0.6676009893417358,0.06889931112527847,0.04516215994954109,0.007916240952908993,-0.03597571328282356,0.0433935821056366,-0.08290057629346848,-0.1083831787109375,0.07099377363920212,0.7580277323722839,0.7430896162986755,0.8018813133239746,0.7723700404167175,0.7169977426528931,0.684858500957489,0.7444798946380615,0.726397693157196,
23,47495,,,,,,,,,,,,,,,,,,,,,,,,,,,,,,,,,,,,,0.0190886203199625
23,47495,1.0,1.3646552562713623,0.053884878754615784,1.310768961906433,0.06284062564373016,0.04412030056118965,-0.0010032713180407882,-0.03428134322166443,0.03748138248920441,-0.08365443348884583,-0.1198899894952774,0.06913875788450241,0.7052451372146606,0.6872829794883728,0.7458580136299133,0.7163453698158264,0.6584983468055725,0.6336732506752014,0.6853263974189758,0.6665907502174377,0.06638175994157791,0.042687565088272095,0.005597326904535294,-0.03647452965378761,0.03618215024471283,-0.08188473433256149,-0.10756045579910278,0.07008004933595657,0.7568868398666382,0.7454375624656677,0.8006647825241089,0.7711790204048157,0.7173091173171997,0.6873567700386047,0.7430596351623535,0.7250057458877563,
24,49474,,,,,,,,,,,,,,,,,,,,,,,,,,,,,,,,,,,,,0.02383049577474594
24,49474,1.0,1.3638571500778198,0.05395156890153885,1.3099052906036377,0.06124722212553024,0.04551013559103012,0.0014436233323067427,-0.029738586395978928,0.037830960005521774,-0.08356756716966629,-0.11846808344125748,0.0661437064409256,0.7034157514572144,0.6871094107627869,0.7446094751358032,0.715050220489502,0.6583874821662903,0.6344505548477173,0.6846134662628174,0.6671952605247498,0.06468068808317184,0.04193180054426193,0.00352875585667789,-0.03160865604877472,0.03970002755522728,-0.07985948771238327,-0.10434248298406601,0.06487690657377243,0.7567482590675354,0.745941162109375,0.7996631264686584,0.7688236832618713,0.7178452014923096,0.6875973343849182,0.7421619892120361,0.7265474200248718,
25,51453,,,,,,,,,,,,,,,,,,,,,,,,,,,,,,,,,,,,,0.02358475886285305
25,51453,1.0,1.3633108139038086,0.05407053604722023,1.3092399835586548,0.05894787237048149,0.041733093559741974,0.0018489458598196507,-0.028738927096128464,0.034929219633340836,-0.08129600435495377,-0.11553139239549637,0.06382346153259277,0.7024971842765808,0.6879327893257141,0.7423204183578491,0.7128571271896362,0.6599372625350952,0.6348596215248108,0.6836460828781128,0.6684607267379761,0.06081464886665344,0.03936566784977913,0.003581617958843708,-0.03203019127249718,0.034602001309394836,-0.0787678137421608,-0.10106594860553741,0.0619230754673481,0.7547014355659485,0.7456777691841125,0.7968549728393555,0.7679474353790283,0.718001663684845,0.6886661648750305,0.7421456575393677,0.7277485728263855,
26,53432,,,,,,,,,,,,,,,,,,,,,,,,,,,,,,,,,,,,,0.01944766379892826
26,53432,1.0,1.363133430480957,0.054117754101753235,1.3090168237686157,0.053770553320646286,0.04379933699965477,0.0027992099057883024,-0.025474615395069122,0.03357687219977379,-0.0799596905708313,-0.11151625961065292,0.06084262952208519,0.7009384632110596,0.6864199042320251,0.7401992082595825,0.7116290330886841,0.6582143306732178,0.6349979639053345,0.6820665597915649,0.6690619587898254,0.060209836810827255,0.03641124069690704,0.007068218197673559,-0.02702406607568264,0.0358455553650856,-0.07610996067523956,-0.09757265448570251,0.05933332070708275,0.7555528283119202,0.7449222207069397,0.7956131100654602,0.7673321962356567,0.7171207666397095,0.6887602806091309,0.742077112197876,0.7276407480239868,
27,55411,,,,,,,,,,,,,,,,,,,,,,,,,,,,,,,,,,,,,0.02069343440234661
27,55411,1.0,1.3624601364135742,0.0542520135641098,1.3082096576690674,0.05274070426821709,0.04270162433385849,0.0012567685917019844,-0.02462579868733883,0.03291667625308037,-0.07774166017770767,-0.10892233997583389,0.05843972787261009,0.6988734006881714,0.6860029101371765,0.738799512386322,0.707938015460968,0.6597157120704651,0.636093020439148,0.6815617680549622,0.6669512391090393,0.05779840424656868,0.037109605967998505,0.003021840238943696,-0.02478528581559658,0.03531653434038162,-0.07269100844860077,-0.09457468241453171,0.05773048475384712,0.7535853981971741,0.7429631948471069,0.7945691347122192,0.763201892375946,0.716866135597229,0.6886747479438782,0.740084707736969,0.7266123294830322,
28,57390,,,,,,,,,,,,,,,,,,,,,,,,,,,,,,,,,,,,,0.0052777728997170925
28,57390,1.0,1.3618825674057007,0.054288193583488464,1.307594656944275,0.05369441211223602,0.03885885700583458,-0.0023212521336972713,-0.024043403565883636,0.032745346426963806,-0.07635803520679474,-0.10809562355279922,0.053371645510196686,0.6979591846466064,0.6853182315826416,0.7368761301040649,0.7065555453300476,0.6588854789733887,0.6354894042015076,0.680383563041687,0.6683336496353149,0.056613292545080185,0.033197060227394104,0.0039007817395031452,-0.025849970057606697,0.03346966579556465,-0.07247330993413925,-0.09596145153045654,0.05503237247467041,0.7512599229812622,0.742426872253418,0.794293999671936,0.7627080082893372,0.7180919051170349,0.690747082233429,0.7394838333129883,0.7281747460365295,
29,59369,,,,,,,,,,,,,,,,,,,,,,,,,,,,,,,,,,,,,0.018760377541184425
29,59369,1.0,1.3612899780273438,0.054384563118219376,1.3069051504135132,0.049930229783058167,0.040274083614349365,-0.0003883634926751256,-0.02022174745798111,0.032958392053842545,-0.07396861165761948,-0.106186643242836,0.054644305258989334,0.695170521736145,0.685841977596283,0.7364243268966675,0.7047543525695801,0.6580233573913574,0.6355876922607422,0.6789675354957581,0.6704128980636597,0.05492545664310455,0.03154732286930084,0.0007584308041259646,-0.023628709837794304,0.03599735349416733,-0.06722131371498108,-0.09450647979974747,0.052853062748909,0.7488713264465332,0.7444025278091431,0.7902369499206543,0.7606098055839539,0.7145618200302124,0.6880472898483276,0.7382614612579346,0.7307179570198059,
30,61348,,,,,,,,,,,,,,,,,,,,,,,,,,,,,,,,,,,,,0.01503710076212883
30,61348,1.0,1.3609651327133179,0.054455049335956573,1.3065129518508911,0.04690535366535187,0.040968120098114014,-0.005206520669162273,-0.020528171211481094,0.03235797956585884,-0.07237376272678375,-0.10271292924880981,0.05090734735131264,0.6935630440711975,0.685263991355896,0.7326400876045227,0.7030795812606812,0.6580051183700562,0.6363083124160767,0.6781142950057983,0.6704325675964355,0.050334811210632324,0.034987468272447586,-0.0007427894161082804,-0.022606154903769493,0.031433261930942535,-0.06671208888292313,-0.09071070700883865,0.04722713306546211,0.7476264834403992,0.7442638874053955,0.7887745499610901,0.7596226334571838,0.7177686095237732,0.6910065412521362,0.738395631313324,0.7282254695892334,
31,63327,,,,,,,,,,,,,,,,,,,,,,,,,,,,,,,,,,,,,0.015577046200633049
31,63327,1.0,1.3606512546539307,0.05441371724009514,1.3062379360198975,0.04525752365589142,0.038895417004823685,-0.0035649000201374292,-0.016914527863264084,0.028708595782518387,-0.06938400864601135,-0.10003014653921127,0.04801793023943901,0.6927059292793274,0.6849676370620728,0.732524037361145,0.7025627493858337,0.6570846438407898,0.6361941695213318,0.676948070526123,0.6686466336250305,0.05404949188232422,0.028499620035290718,0.0006551355472765863,-0.017185932025313377,0.03176724165678024,-0.06649462878704071,-0.08787418901920319,0.0480843149125576,0.746868908405304,0.7421972751617432,0.7881343960762024,0.7583459615707397,0.7158013582229614,0.6900687217712402,0.7355020642280579,0.7279768586158752,
32,65306,,,,,,,,,,,,,,,,,,,,,,,,,,,,,,,,,,,,,0.023636896163225174
32,65306,1.0,1.3602482080459595,0.05451047793030739,1.3057386875152588,0.045750152319669724,0.036520835012197495,-0.005550512578338385,-0.015776917338371277,0.029719607904553413,-0.06805503368377686,-0.09693767130374908,0.04593402147293091,0.6916412711143494,0.6851467490196228,0.7294144630432129,0.7002673745155334,0.6569434404373169,0.6360591053962708,0.6766459345817566,0.670659601688385,0.049116820096969604,0.030328882858157158,0.0019838346634060144,-0.019462615251541138,0.027274370193481445,-0.06340145319700241,-0.08661243319511414,0.044655196368694305,0.7465249300003052,0.7444495558738708,0.785378098487854,0.7577812075614929,0.7153067588806152,0.6889875531196594,0.7360963225364685,0.7300133109092712,
33,67285,,,,,,,,,,,,,,,,,,,,,,,,,,,,,,,,,,,,,0.012384074740111828
33,67285,1.0,1.3596590757369995,0.05457720160484314,1.3050858974456787,0.04292389377951622,0.035223353654146194,-0.006597546860575676,-0.013646458275616169,0.02856716513633728,-0.06537822633981705,-0.09732814133167267,0.04393564537167549,0.6894985437393188,0.6828218698501587,0.7285045385360718,0.6983219981193542,0.6559178829193115,0.6375108957290649,0.6759540438652039,0.6696264147758484,0.04741079732775688,0.02491387538611889,-0.002016122220084071,-0.017647286877036095,0.030157390981912613,-0.06074836850166321,-0.08177372068166733,0.04259660094976425,0.7447696924209595,0.7402434945106506,0.785056471824646,0.7553021311759949,0.7150552868843079,0.6910907030105591,0.7347663044929504,0.7295235395431519,
34,69264,,,,,,,,,,,,,,,,,,,,,,,,,,,,,,,,,,,,,0.014773997478187084
34,69264,1.0,1.3594393730163574,0.05461253970861435,1.3048250675201416,0.03949865326285362,0.033730268478393555,-0.007486093323677778,-0.012982598505914211,0.02792331576347351,-0.058546070009469986,-0.09205786883831024,0.04386579617857933,0.6879947185516357,0.6812207102775574,0.7258201837539673,0.6967635154724121,0.6573231816291809,0.6374820470809937,0.6733547449111938,0.6698423027992249,0.04647326096892357,0.025109771639108658,-0.0022677977103739977,-0.010769959539175034,0.029133079573512077,-0.05387908220291138,-0.08301924169063568,0.0410817414522171,0.742382287979126,0.7378868460655212,0.7812875509262085,0.7532342672348022,0.7159339785575867,0.6923429369926453,0.7318724393844604,0.7300665974617004,
35,71243,,,,,,,,,,,,,,,,,,,,,,,,,,,,,,,,,,,,,0.01678219810128212
35,71243,1.0,1.35896897315979,0.05470200628042221,1.3042614459991455,0.03917711228132248,0.03182913362979889,-0.011049287393689156,-0.01066703349351883,0.02568179741501808,-0.05621109530329704,-0.09386377036571503,0.040539149194955826,0.6876246333122253,0.6796446442604065,0.7249070405960083,0.694878101348877,0.6563548445701599,0.6364715099334717,0.6745522618293762,0.6709358096122742,0.042258087545633316,0.023054642602801323,-0.005799422971904278,-0.016507461667060852,0.027159318327903748,-0.052126992493867874,-0.08094510436058044,0.039615292102098465,0.7432613968849182,0.7386582493782043,0.7812595963478088,0.7516639232635498,0.7147877216339111,0.6915468573570251,0.7329090237617493,0.7302991151809692,
36,73222,,,,,,,,,,,,,,,,,,,,,,,,,,,,,,,,,,,,,0.01773359812796116
36,73222,1.0,1.3585511445999146,0.054728370159864426,1.303823709487915,0.03849756345152855,0.028715627267956734,-0.010316358879208565,-0.007975336164236069,0.02707996405661106,-0.05373441055417061,-0.08845075219869614,0.04030687361955643,0.6859694123268127,0.6784226298332214,0.7231909036636353,0.6936973929405212,0.6554408073425293,0.6373846530914307,0.6728159785270691,0.6698236465454102,0.044769514352083206,0.023629115894436836,-0.005413955543190241,-0.010914715938270092,0.02782014012336731,-0.051130928099155426,-0.07791554182767868,0.038937944918870926,0.7409724593162537,0.735368549823761,0.7803471088409424,0.7508905529975891,0.7130281925201416,0.6924037933349609,0.7298094630241394,0.7307146787643433,
37,75201,,,,,,,,,,,,,,,,,,,,,,,,,,,,,,,,,,,,,0.01584448106586933
37,75201,1.0,1.3581651449203491,0.05468131601810455,1.3034859895706177,0.037181783467531204,0.026910187676548958,-0.012223124504089355,-0.007001302670687437,0.025566501542925835,-0.050917576998472214,-0.08642595261335373,0.03878544270992279,0.684716522693634,0.6759583950042725,0.7209399938583374,0.6915925145149231,0.6561889052391052,0.6387007832527161,0.6728034019470215,0.6699264645576477,0.04183201119303703,0.02040335163474083,-0.005397375673055649,-0.009141461923718452,0.025855671614408493,-0.04700484871864319,-0.07455137372016907,0.03801405802369118,0.739270806312561,0.7342002987861633,0.7778000831604004,0.7494532465934753,0.7137030959129333,0.6937417984008789,0.730974555015564,0.7283769845962524,
38,77180,,,,,,,,,,,,,,,,,,,,,,,,,,,,,,,,,,,,,0.020633578300476074
38,77180,1.0,1.3579356670379639,0.05485965311527252,1.303076982498169,0.03461150452494621,0.027555955573916435,-0.012412555515766144,-0.004872308112680912,0.026574714109301567,-0.04801850765943527,-0.08255020529031754,0.039921898394823074,0.6838006377220154,0.6741909384727478,0.7194154262542725,0.6907214522361755,0.6555490493774414,0.6383880972862244,0.6718410849571228,0.6690105199813843,0.037175752222537994,0.019835319370031357,-0.006487338803708553,-0.009197901003062725,0.027437785640358925,-0.0424305722117424,-0.07039938122034073,0.03173855319619179,0.7393466234207153,0.7320146560668945,0.7761874794960022,0.747571587562561,0.7143386006355286,0.6945270299911499,0.7283540368080139,0.7286091446876526,
39,79159,,,,,,,,,,,,,,,,,,,,,,,,,,,,,,,,,,,,,0.02121279574930668
39,79159,1.0,1.3576136827468872,0.05477823689579964,1.302834391593933,0.03409218415617943,0.02652076631784439,-0.012892947532236576,-0.0030156318098306656,0.027273427695035934,-0.044787291437387466,-0.07909984886646271,0.034971341490745544,0.6834700107574463,0.6730031371116638,0.7182667851448059,0.6886703372001648,0.6550962328910828,0.6393476724624634,0.6713484525680542,0.6681413054466248,0.03818925470113754,0.023771315813064575,-0.007496750447899103,-0.00562505004927516,0.026560848578810692,-0.03911317139863968,-0.06567612290382385,0.03588978201150894,0.7378858923912048,0.7305638790130615,0.7740756869316101,0.7466292977333069,0.7126748561859131,0.6942403316497803,0.729154109954834,0.7256585955619812,
40,81138,,,,,,,,,,,,,,,,,,,,,,,,,,,,,,,,,,,,,0.02226567082107067
40,81138,1.0,1.3572665452957153,0.0548018142580986,1.3024654388427734,0.03357938304543495,0.0277229193598032,-0.01217313390225172,-0.002572302706539631,0.026530172675848007,-0.041363637894392014,-0.0762111023068428,0.03602186590433121,0.6824424862861633,0.6719581484794617,0.7169137597084045,0.6872273087501526,0.6543757915496826,0.6405562162399292,0.6710437536239624,0.6697831153869629,0.03695635497570038,0.022503135725855827,-0.0035597386304289103,-0.0030672976281493902,0.02947011962532997,-0.038505926728248596,-0.06342776119709015,0.03378112241625786,0.7384136915206909,0.7294598817825317,0.7727553844451904,0.7444459795951843,0.7130877375602722,0.6958358287811279,0.7271968722343445,0.7300401926040649,
41,83117,,,,,,,,,,,,,,,,,,,,,,,,,,,,,,,,,,,,,0.02331152930855751
41,83117,1.0,1.3567981719970703,0.055010467767715454,1.3017901182174683,0.03224445879459381,0.02579204924404621,-0.015571742318570614,0.00043313330388627946,0.025973336771130562,-0.0382118746638298,-0.07350175082683563,0.03358278423547745,0.6818242073059082,0.6698709726333618,0.7153695225715637,0.6861610412597656,0.6545565724372864,0.6395164728164673,0.6693524122238159,0.6677345633506775,0.03698471561074257,0.023905275389552116,-0.005566878709942102,0.0010487223044037819,0.0245683416724205,-0.03566771000623703,-0.05999350547790527,0.031925857067108154,0.7381020784378052,0.7290734648704529,0.7723349332809448,0.7447366118431091,0.7150823473930359,0.693748950958252,0.7272073030471802,0.7266280055046082,
42,85096,,,,,,,,,,,,,,,,,,,,,,,,,,,,,,,,,,,,,0.025382215157151222
42,85096,1.0,1.35640287399292,0.05500950664281845,1.301391363143921,0.028988124802708626,0.022433601319789886,-0.014807208441197872,0.002831079298630357,0.02247757464647293,-0.03576081246137619,-0.07166162878274918,0.03401133790612221,0.6810647249221802,0.6685463190078735,0.7143516540527344,0.6848873496055603,0.6541515588760376,0.6397268176078796,0.6698755025863647,0.6663863658905029,0.032577354460954666,0.021126406267285347,-0.005738347768783569,-0.0010935335885733366,0.02227313630282879,-0.030248545110225677,-0.05934078246355057,0.03152018040418625,0.7388917803764343,0.7270225286483765,0.7713961601257324,0.7412668466567993,0.7136034369468689,0.6950572729110718,0.7257553339004517,0.7273519039154053,
43,87075,,,,,,,,,,,,,,,,,,,,,,,,,,,,,,,,,,,,,0.01549842581152916
43,87075,1.0,1.3560220003128052,0.05504786595702171,1.3009778261184692,0.02486325614154339,0.023065650835633278,-0.01722354255616665,0.0016330407233908772,0.02261846698820591,-0.03347160667181015,-0.07138986885547638,0.030766526237130165,0.6791725158691406,0.666291356086731,0.7123756408691406,0.6826991438865662,0.6551313996315002,0.6411927342414856,0.6686853766441345,0.6677660346031189,0.02939581871032715,0.020388472825288773,-0.010340491309762001,-0.00031054025748744607,0.023745710030198097,-0.030906418338418007,-0.05712779983878136,0.030641060322523117,0.7369400858879089,0.7257574200630188,0.7685822248458862,0.7402713894844055,0.7147020101547241,0.6951727867126465,0.7257134318351746,0.7275991439819336,
44,89054,,,,,,,,,,,,,,,,,,,,,,,,,,,,,,,,,,,,,0.01711028814315796
44,89054,1.0,1.355618953704834,0.055061399936676025,1.30055832862854,0.02231483720242977,0.022601725533604622,-0.015918634831905365,0.0027708120178431273,0.02151111140847206,-0.03157244250178337,-0.06885334104299545,0.030504290014505386,0.6785958409309387,0.6662244200706482,0.7104024887084961,0.6818432211875916,0.6530916690826416,0.6402981281280518,0.6683972477912903,0.6660757064819336,0.024846721440553665,0.021172815933823586,-0.0067336782813072205,0.0031231192406266928,0.022532576695084572,-0.029591867700219154,-0.05563291907310486,0.028027761727571487,0.734394371509552,0.7267184257507324,0.765910804271698,0.738911509513855,0.712349534034729,0.6946829557418823,0.7243044972419739,0.7265337705612183,
45,91033,,,,,,,,,,,,,,,,,,,,,,,,,,,,,,,,,,,,,0.024065183475613594
45,91033,1.0,1.3549896478652954,0.055103980004787445,1.2998864650726318,0.023186925798654556,0.02338489703834057,-0.014003816992044449,0.0070534623228013515,0.018974967300891876,-0.027768151834607124,-0.06568577885627747,0.027059556916356087,0.6775135397911072,0.6649631261825562,0.7091680765151978,0.6801567673683167,0.6541526317596436,0.6398345828056335,0.6672149896621704,0.6653123497962952,0.02418147772550583,0.02192799374461174,-0.006562263239175081,0.0028322513680905104,0.021765222772955894,-0.022070802748203278,-0.0485505685210228,0.02554262988269329,0.7346929907798767,0.7243673801422119,0.7649561166763306,0.735203742980957,0.7135598659515381,0.695736289024353,0.7261587977409363,0.7256991863250732,
46,93012,,,,,,,,,,,,,,,,,,,,,,,,,,,,,,,,,,,,,0.027495842427015305
46,93012,1.0,1.3547687530517578,0.055157747119665146,1.2996107339859009,0.020513104274868965,0.020517583936452866,-0.013917888514697552,0.007139398250728846,0.017792515456676483,-0.027517016977071762,-0.06614036858081818,0.027568642050027847,0.6769722104072571,0.6636045575141907,0.7081566452980042,0.6800423860549927,0.652560293674469,0.6413112878799438,0.6667162179946899,0.6641892194747925,0.02641584537923336,0.019811900332570076,-0.0032537756487727165,0.008588714525103569,0.021564383059740067,-0.022381367161870003,-0.0539109893143177,0.02688642404973507,0.7350496649742126,0.7235354781150818,0.7663523554801941,0.7374169230461121,0.7121844291687012,0.6975878477096558,0.7243596911430359,0.7230967879295349,
47,94991,,,,,,,,,,,,,,,,,,,,,,,,,,,,,,,,,,,,,0.013822940178215504
47,94991,1.0,1.3543858528137207,0.05521005019545555,1.29917573928833,0.019735904410481453,0.021419065073132515,-0.015927227213978767,0.010862994939088821,0.01855476014316082,-0.022631844505667686,-0.06437819451093674,0.027558641508221626,0.6744815707206726,0.6637070178985596,0.7063588500022888,0.6780727505683899,0.650154173374176,0.6431036591529846,0.666873037815094,0.6627007722854614,0.02345758117735386,0.020913565531373024,-0.0065021812915802,0.00949509721249342,0.018816519528627396,-0.01969064213335514,-0.04861981421709061,0.02797476202249527,0.732582151889801,0.7233541011810303,0.762544572353363,0.7354183197021484,0.70982426404953,0.6975140571594238,0.7235432267189026,0.723267138004303,
48,96970,,,,,,,,,,,,,,,,,,,,,,,,,,,,,,,,,,,,,0.022136714309453964
48,96970,1.0,1.3539949655532837,0.0553821325302124,1.2986146211624146,0.017009688541293144,0.020425943657755852,-0.017174310982227325,0.012288851663470268,0.018202805891633034,-0.0245403740555048,-0.061125997453927994,0.026737283915281296,0.6737072467803955,0.6619736552238464,0.704680860042572,0.6769214272499084,0.6525521278381348,0.6413770914077759,0.6666249632835388,0.66197270154953,0.017301741987466812,0.0204374510794878,-0.007941883988678455,0.008750234730541706,0.017559217289090157,-0.01772473379969597,-0.04604791849851608,0.02659936435520649,0.7317100763320923,0.722809374332428,0.7612169981002808,0.7337057590484619,0.7124945521354675,0.6972373723983765,0.7243549227714539,0.7228519320487976,
49,98949,,,,,,,,,,,,,,,,,,,,,,,,,,,,,,,,,,,,,0.024444855749607086
49,98949,1.0,1.3534859418869019,0.05538048595190048,1.29810631275177,0.016505494713783264,0.018571762368083,-0.019404537975788116,0.011110207997262478,0.018410250544548035,-0.021059086546301842,-0.057171452790498734,0.025273162871599197,0.6726415753364563,0.6614404916763306,0.7016409635543823,0.6760661005973816,0.6507293581962585,0.6414307355880737,0.6663157939910889,0.6621648073196411,0.020589837804436684,0.019277479499578476,-0.0077118342742323875,0.010528278537094593,0.020024506375193596,-0.015759514644742012,-0.04278477281332016,0.02540881372988224,0.7323837280273438,0.7213375568389893,0.7577441334724426,0.7322247624397278,0.7124434113502502,0.6969642043113708,0.7237991094589233,0.7208138108253479,
50,100928,,,,,,,,,,,,,,,,,,,,,,,,,,,,,,,,,,,,,0.019824150949716568
50,100928,1.0,1.3530343770980835,0.05534909665584564,1.2976857423782349,0.01575334556400776,0.017873605713248253,-0.01889415644109249,0.010595873929560184,0.017887912690639496,-0.018136238679289818,-0.05498285964131355,0.02396160177886486,0.6712624430656433,0.6610870361328125,0.7001495361328125,0.6752758026123047,0.6504747867584229,0.6421633362770081,0.6651918292045593,0.6586793065071106,0.018094485625624657,0.017507975921034813,-0.008148049004375935,0.009257297031581402,0.016186047345399857,-0.013992276974022388,-0.03791128098964691,0.024396806955337524,0.7294339537620544,0.7210812568664551,0.7553016543388367,0.7318786382675171,0.7102920413017273,0.6977325677871704,0.720995306968689,0.7189895510673523,
51,102907,,,,,,,,,,,,,,,,,,,,,,,,,,,,,,,,,,,,,0.024392949417233467
51,102907,1.0,1.352908730506897,0.05560511350631714,1.2973034381866455,0.017922528088092804,0.01830234006047249,-0.018696535378694534,0.012548649683594704,0.01736847311258316,-0.01683657616376877,-0.05101625248789787,0.021370723843574524,0.6695364713668823,0.6598149538040161,0.6998100280761719,0.6733030676841736,0.6509405970573425,0.6412355303764343,0.6649383306503296,0.6591067314147949,0.016576314345002174,0.01841914653778076,-0.007927902042865753,0.01079814787954092,0.018001936376094818,-0.014024174772202969,-0.037362486124038696,0.02363642305135727,0.729354977607727,0.7203900218009949,0.7558978796005249,0.7297139167785645,0.7113344669342041,0.6975804567337036,0.7206979393959045,0.7191005349159241,
52,104886,,,,,,,,,,,,,,,,,,,,,,,,,,,,,,,,,,,,,0.010122202336788177
52,104886,1.0,1.3521080017089844,0.05568164959549904,1.296426773071289,0.01608598232269287,0.017981115728616714,-0.01889970898628235,0.01182528492063284,0.014119776897132397,-0.014865433797240257,-0.04842349514365196,0.021314194425940514,0.6683233976364136,0.659167468547821,0.6979703903198242,0.6726345419883728,0.651903510093689,0.6416512131690979,0.6635358929634094,0.6566374897956848,0.017351379618048668,0.017398651689291,-0.007957440800964832,0.009181293658912182,0.017186453565955162,-0.012177055701613426,-0.03502018004655838,0.023204369470477104,0.728843629360199,0.7197099328041077,0.7551071047782898,0.7283644080162048,0.7102279663085938,0.6987152695655823,0.7204992771148682,0.7186195850372314,
53,106865,,,,,,,,,,,,,,,,,,,,,,,,,,,,,,,,,,,,,0.012002814561128616
53,106865,1.0,1.3518404960632324,0.05567821487784386,1.2961643934249878,0.01618875563144684,0.01634201593697071,-0.019784657284617424,0.013395021669566631,0.01603592187166214,-0.013823169283568859,-0.04583960771560669,0.021478846669197083,0.6671124696731567,0.6592040061950684,0.6963114142417908,0.6714791059494019,0.6504793167114258,0.642732560634613,0.6638646125793457,0.6557629704475403,0.015745140612125397,0.016325509175658226,-0.007619444280862808,0.009875746443867683,0.01784345507621765,-0.009618755429983139,-0.03150772303342819,0.020875634625554085,0.7275995016098022,0.7187100648880005,0.7530426979064941,0.726387619972229,0.7094334363937378,0.6997398734092712,0.719761848449707,0.7160549759864807,
54,108844,,,,,,,,,,,,,,,,,,,,,,,,,,,,,,,,,,,,,0.013051680289208889
54,108844,1.0,1.3515020608901978,0.055825188755989075,1.295677900314331,0.015481065027415752,0.016215840354561806,-0.018124107271432877,0.014468799345195293,0.014221045188605785,-0.011001289822161198,-0.043766047805547714,0.02022760920226574,0.6651512384414673,0.6584990620613098,0.6943132281303406,0.6696146726608276,0.6520612239837646,0.6418831944465637,0.6626737713813782,0.6539053320884705,0.01552832406014204,0.0188729427754879,-0.00763093912974,0.013357900083065033,0.017350882291793823,-0.009569247253239155,-0.029327785596251488,0.02018711343407631,0.7255207896232605,0.7191124558448792,0.7510139346122742,0.7253220081329346,0.7120736241340637,0.6979569792747498,0.7187991142272949,0.7156856656074524,
55,110823,,,,,,,,,,,,,,,,,,,,,,,,,,,,,,,,,,,,,0.016333289444446564
55,110823,1.0,1.3512028455734253,0.05589907243847847,1.295305609703064,0.014826779253780842,0.015291361138224602,-0.016672177240252495,0.012096933089196682,0.015467379242181778,-0.009452122263610363,-0.040989797562360764,0.01969345100224018,0.6631971001625061,0.6579813361167908,0.6933214664459229,0.6689439415931702,0.650656521320343,0.642096221446991,0.6626426577568054,0.6531851887702942,0.017086466774344444,0.017203141003847122,-0.006122601218521595,0.01333628036081791,0.01775306463241577,-0.008978115394711494,-0.0289080198854208,0.017032111063599586,0.723253607749939,0.7179437875747681,0.7482336759567261,0.7241159081459045,0.7113925814628601,0.6988469958305359,0.7199448943138123,0.7152143120765686,
56,112802,,,,,,,,,,,,,,,,,,,,,,,,,,,,,,,,,,,,,0.014999262057244778
56,112802,1.0,1.350961685180664,0.055954739451408386,1.295008897781372,0.016530830413103104,0.014482704922556877,-0.01880831830203533,0.013993230648338795,0.013433781452476978,-0.00842682458460331,-0.03620269149541855,0.017131928354501724,0.6618743538856506,0.6572558283805847,0.6905213594436646,0.6671417355537415,0.6506773829460144,0.6430639028549194,0.6615914106369019,0.6521316766738892,0.015379107557237148,0.015466822311282158,-0.005111038219183683,0.011602455750107765,0.015202897600829601,-0.0043352628126740456,-0.02394583262503147,0.01578412763774395,0.7230895161628723,0.7162513136863708,0.746297299861908,0.7238292098045349,0.7117320895195007,0.7006959319114685,0.7182978987693787,0.7135792374610901,
57,114781,,,,,,,,,,,,,,,,,,,,,,,,,,,,,,,,,,,,,0.017072787508368492
57,114781,1.0,1.3505336046218872,0.05599866434931755,1.2945332527160645,0.012680147774517536,0.014628627337515354,-0.019246967509388924,0.01332954689860344,0.01620102860033512,-0.0078502232208848,-0.036938756704330444,0.013759450055658817,0.66133052110672,0.6570529937744141,0.6892257332801819,0.6661108136177063,0.6512294411659241,0.6426716446876526,0.6602492928504944,0.6507074236869812,0.015340262092649937,0.0173672866076231,-0.010543293319642544,0.011155899614095688,0.013734055683016777,-0.005602140445262194,-0.02254967950284481,0.01090053841471672,0.7222826480865479,0.7164269685745239,0.7450832724571228,0.7223637700080872,0.7101595401763916,0.6992318034172058,0.7175562977790833,0.7120835781097412,
58,116760,,,,,,,,,,,,,,,,,,,,,,,,,,,,,,,,,,,,,0.014255116693675518
58,116760,1.0,1.3503456115722656,0.056012362241744995,1.294335126876831,0.0168157946318388,0.015963943675160408,-0.016233904287219048,0.015555980615317822,0.017499538138508797,-0.0042298417538404465,-0.031973518431186676,0.013205442577600479,0.659330427646637,0.655610203742981,0.6884457468986511,0.6652740836143494,0.6521849632263184,0.6438791751861572,0.6596691012382507,0.6510918140411377,0.018095705658197403,0.018425840884447098,-0.0026170157361775637,0.014337875880300999,0.017090650275349617,-0.0004001269699074328,-0.018226779997348785,0.013732576742768288,0.7203769683837891,0.7161182761192322,0.7422888278961182,0.7219055891036987,0.7128410339355469,0.7007840275764465,0.716762125492096,0.7118334174156189,
59,118739,,,,,,,,,,,,,,,,,,,,,,,,,,,,,,,,,,,,,0.010914801619946957
59,118739,1.0,1.350262999534607,0.05597176030278206,1.294291615486145,0.014395827427506447,0.014979747124016285,-0.01783236674964428,0.012093671597540379,0.014150004833936691,-0.0006906088092364371,-0.030592795461416245,0.01156819798052311,0.6581641435623169,0.6562840342521667,0.6850998997688293,0.663138210773468,0.6503536105155945,0.6440240740776062,0.6595564484596252,0.649975597858429,0.015471010468900204,0.015421668067574501,-0.006887409836053848,0.011085917241871357,0.014195756986737251,0.0006658838829025626,-0.019235340878367424,0.009077755734324455,0.7202237248420715,0.7154185175895691,0.7402440309524536,0.7200562357902527,0.7103856801986694,0.701338529586792,0.7152034640312195,0.7104303240776062,
60,120718,,,,,,,,,,,,,,,,,,,,,,,,,,,,,,,,,,,,,0.011828633956611156
60,120718,1.0,1.3498039245605469,0.056105174124240875,1.2936983108520508,0.012943119741976261,0.012955977581441402,-0.018812278285622597,0.01320202648639679,0.014524594880640507,0.002177918329834938,-0.027909262105822563,0.010048066265881062,0.6579233407974243,0.6555548310279846,0.6828781962394714,0.6628240942955017,0.6492166519165039,0.6447692513465881,0.6584212183952332,0.6491689085960388,0.0139151681214571,0.015455623157322407,-0.007162806577980518,0.010479362681508064,0.013545176014304161,0.007467837072908878,-0.01823624223470688,0.011312354356050491,0.7180427312850952,0.715221643447876,0.7376372814178467,0.7184057831764221,0.7105739116668701,0.7011495232582092,0.7156067490577698,0.709250807762146,
61,122697,,,,,,,,,,,,,,,,,,,,,,,,,,,,,,,,,,,,,0.023527957499027252
61,122697,1.0,1.3496955633163452,0.05617152526974678,1.2935223579406738,0.013774251565337181,0.013730328530073166,-0.01831946149468422,0.013956197537481785,0.012039296329021454,0.0010919339256361127,-0.02453581430017948,0.01203206181526184,0.6568382978439331,0.6553298234939575,0.6813951134681702,0.661239743232727,0.6492414474487305,0.6446614861488342,0.6574748754501343,0.6483810544013977,0.013778554275631905,0.014260007068514824,-0.00418123509734869,0.011147504672408104,0.01354842446744442,0.004639164078980684,-0.01401455421000719,0.010501009412109852,0.717849850654602,0.715230405330658,0.7378398180007935,0.7173791527748108,0.7078180909156799,0.7020642757415771,0.7142494916915894,0.7083345651626587,
62,124676,,,,,,,,,,,,,,,,,,,,,,,,,,,,,,,,,,,,,0.007004811428487301
62,124676,1.0,1.3493200540542603,0.056137070059776306,1.2931841611862183,0.012895138934254646,0.012188097462058067,-0.016629861667752266,0.013104298152029514,0.012848920188844204,0.002826958429068327,-0.02418537810444832,0.009159254841506481,0.6556380391120911,0.6548922657966614,0.6797110438346863,0.6602935791015625,0.6490507125854492,0.645301103591919,0.6565487384796143,0.648030161857605,0.011162911541759968,0.012731419876217842,-0.006506765261292458,0.01064190361648798,0.011364794336259365,0.005274623166769743,-0.011392415501177311,0.0117238350212574,0.7157691717147827,0.7140209078788757,0.7334747910499573,0.7163249850273132,0.710862398147583,0.703883945941925,0.7140248417854309,0.7092201113700867,
63,126655,,,,,,,,,,,,,,,,,,,,,,,,,,,,,,,,,,,,,0.004000043962150812
63,126655,1.0,1.3491332530975342,0.05614464730024338,1.2929869890213013,0.009756388142704964,0.012652307748794556,-0.016467394307255745,0.011867105960845947,0.014959845691919327,0.0029740312602370977,-0.021786004304885864,0.008756753988564014,0.654239296913147,0.6532539129257202,0.6768234372138977,0.6589145660400391,0.6492705345153809,0.6459819674491882,0.6564748883247375,0.6464699506759644,0.01284048892557621,0.013165774755179882,-0.006120807956904173,0.01126378495246172,0.01324344240128994,0.0068674045614898205,-0.011741753667593002,0.01109438855201006,0.7147820591926575,0.7123699188232422,0.7300679683685303,0.715461254119873,0.7080044150352478,0.7060756683349609,0.7126362919807434,0.7090319395065308,
64,128634,,,,,,,,,,,,,,,,,,,,,,,,,,,,,,,,,,,,,0.015376925468444824
64,128634,1.0,1.348947286605835,0.05628441274166107,1.292662262916565,0.014536070637404919,0.010284805670380592,-0.015922101214528084,0.01461756695061922,0.010767241008579731,0.006097329780459404,-0.01942666620016098,0.009435638785362244,0.6534355878829956,0.652484655380249,0.674903154373169,0.6579152941703796,0.6483771800994873,0.6478244066238403,0.6552254557609558,0.6465317606925964,0.011677257716655731,0.012691850773990154,-0.004214187618345022,0.010450099594891071,0.01366859208792448,0.010233585722744465,-0.008373133838176727,0.00875454768538475,0.7127960324287415,0.7120858430862427,0.7309743165969849,0.7139331698417664,0.706204891204834,0.7068331241607666,0.712567150592804,0.7086174488067627,
65,130613,,,,,,,,,,,,,,,,,,,,,,,,,,,,,,,,,,,,,0.021296408027410507
65,130613,1.0,1.3486781120300293,0.05622314289212227,1.2924553155899048,0.009894863702356815,0.009517249651253223,-0.014543712139129639,0.011294958181679249,0.014711251482367516,0.006509849335998297,-0.017311574891209602,0.009995526634156704,0.6513049602508545,0.6521486639976501,0.6729086637496948,0.6551908254623413,0.6473607420921326,0.648472249507904,0.6555029153823853,0.6461194753646851,0.01176951639354229,0.011096139438450336,6.712155936838826e-06,0.010315083898603916,0.011860290542244911,0.005952186416834593,-0.00847326684743166,0.007633809000253677,0.7124049067497253,0.7118313908576965,0.7263079285621643,0.7129294872283936,0.7083938121795654,0.7056941390037537,0.7127094864845276,0.7104262113571167,
66,132592,,,,,,,,,,,,,,,,,,,,,,,,,,,,,,,,,,,,,0.01522391103208065
66,132592,1.0,1.3484392166137695,0.0562659353017807,1.2921735048294067,0.01368834637105465,0.007973755709826946,-0.013585775159299374,0.015019661746919155,0.01046738214790821,0.004103445447981358,-0.01619095169007778,0.009225407615303993,0.6510217785835266,0.6515100598335266,0.6715767979621887,0.6557748913764954,0.6476219296455383,0.647895872592926,0.6544210910797119,0.6454777717590332,0.010370648466050625,0.010705363936722279,-0.0017651751404628158,0.010650137439370155,0.010471872985363007,0.00823492743074894,-0.004386427812278271,0.008996422402560711,0.7119392156600952,0.71117103099823,0.7245219945907593,0.7115411758422852,0.7079837322235107,0.705704927444458,0.710471510887146,0.7081255316734314,
67,134571,,,,,,,,,,,,,,,,,,,,,,,,,,,,,,,,,,,,,0.018998442217707634
67,134571,1.0,1.3483413457870483,0.05632008612155914,1.2920234203338623,0.009549103677272797,0.008576939813792706,-0.01342134177684784,0.013054568320512772,0.010709480382502079,0.005377930123358965,-0.013222958892583847,0.008366592228412628,0.6504217386245728,0.6508312225341797,0.6685417890548706,0.6541356444358826,0.646519124507904,0.6497268080711365,0.6530384421348572,0.6460071802139282,0.011814006604254246,0.01295530330389738,0.00021346438734326512,0.01036024373024702,0.011893995106220245,0.006904367823153734,-0.0027128031942993402,0.007318472024053335,0.7103059887886047,0.7098225355148315,0.7223203182220459,0.7105225920677185,0.7063864469528198,0.708039402961731,0.7098424434661865,0.7074604034423828,
68,136550,,,,,,,,,,,,,,,,,,,,,,,,,,,,,,,,,,,,,0.00887630321085453
68,136550,1.0,1.3480643033981323,0.056353192776441574,1.291712999343872,0.0063478038646280766,0.008784301578998566,-0.013238499872386456,0.009414044208824635,0.010903055779635906,0.0042267171666026115,-0.014943570829927921,0.007222666870802641,0.6485666632652283,0.6497727632522583,0.6673423051834106,0.6531082391738892,0.647170901298523,0.6487465500831604,0.6532977223396301,0.6446199417114258,0.008411924354732037,0.010503055527806282,-0.002097285119816661,0.007614426780492067,0.008829588070511818,0.004552954342216253,-0.005575731862336397,0.007319421973079443,0.709567129611969,0.709552526473999,0.7206212282180786,0.7099273800849915,0.7081273794174194,0.7066227793693542,0.7095671892166138,0.7065372467041016,
69,138529,,,,,,,,,,,,,,,,,,,,,,,,,,,,,,,,,,,,,0.012457598932087421
69,138529,1.0,1.3478232622146606,0.0563029870390892,1.2915210723876953,0.00945079792290926,0.008801748044788837,-0.011893210001289845,0.011244816705584526,0.009648183360695839,0.0046685198321938515,-0.014007901772856712,0.007449877914041281,0.6485196948051453,0.6490272879600525,0.6653916239738464,0.6526405811309814,0.6462658047676086,0.6499786972999573,0.652612566947937,0.6460077166557312,0.008680859580636024,0.011043182574212551,-5.505145600182004e-05,0.007922906428575516,0.008868156932294369,0.006354066077619791,-0.0024001202546060085,0.005390624515712261,0.7087152004241943,0.7082497477531433,0.7179046869277954,0.7087434530258179,0.7068436145782471,0.7068570852279663,0.7084472179412842,0.707190752029419,
70,140508,,,,,,,,,,,,,,,,,,,,,,,,,,,,,,,,,,,,,0.021882517263293266
70,140508,1.0,1.3475552797317505,0.05635267496109009,1.291202425956726,0.0075819166377186775,0.0074579003266990185,-0.010781179182231426,0.00825424399226904,0.008578160777688026,0.006518843118101358,-0.009676302783191204,0.0031598859932273626,0.6487072110176086,0.647423505783081,0.6624694466590881,0.6514266729354858,0.6453883647918701,0.6489339470863342,0.6516609191894531,0.6437438130378723,0.007771565578877926,0.009786208160221577,0.0022316351532936096,0.006764951162040234,0.007637861650437117,0.006937251891940832,-0.002524017123505473,0.005488241091370583,0.7084943652153015,0.7083573341369629,0.714357316493988,0.7083760499954224,0.7060574293136597,0.7069400548934937,0.7087727785110474,0.7063859701156616,
71,142487,,,,,,,,,,,,,,,,,,,,,,,,,,,,,,,,,,,,,0.018004024401307106
71,142487,1.0,1.3474422693252563,0.05631616711616516,1.2911256551742554,0.00745336664840579,0.006275317631661892,-0.005370250903069973,0.008549890480935574,0.008848419412970543,0.006782576907426119,-0.009935818612575531,0.006440621800720692,0.646641731262207,0.6474089026451111,0.6593942642211914,0.6510394215583801,0.6461526155471802,0.6494252681732178,0.6519272923469543,0.6448830366134644,0.006877523381263018,0.008049746043980122,0.002749447710812092,0.006056153681129217,0.007277463097125292,0.006896364968270063,0.0018717527855187654,0.006088234484195709,0.7076836228370667,0.7074930667877197,0.712528645992279,0.7077375054359436,0.7067063450813293,0.7053622007369995,0.7075777649879456,0.7058194279670715,
72,144466,,,,,,,,,,,,,,,,,,,,,,,,,,,,,,,,,,,,,0.02697841450572014
72,144466,1.0,1.3474187850952148,0.05639321729540825,1.2910268306732178,0.007591764908283949,0.006486708763986826,-0.005824113730341196,0.012741131708025932,0.008864197880029678,0.0025099634658545256,-0.007662990130484104,0.0053043607622385025,0.6464231610298157,0.647445023059845,0.6569080352783203,0.6513015627861023,0.6455480456352234,0.650559663772583,0.6498437523841858,0.6438149809837341,0.007057449780404568,0.0049361311830580235,0.0032243295572698116,0.006966558285057545,0.008884078823029995,0.005710301920771599,0.0012555497232824564,0.004962879698723555,0.7069045901298523,0.7069212794303894,0.7097640037536621,0.706774890422821,0.7062621712684631,0.706367552280426,0.7064027190208435,0.7059935331344604,
73,146445,,,,,,,,,,,,,,,,,,,,,,,,,,,,,,,,,,,,,0.01684822328388691
73,146445,1.0,1.3470455408096313,0.056362856179475784,1.2906850576400757,0.005942299962043762,0.0067953974939882755,-0.009744290262460709,0.010849014855921268,0.009375781752169132,0.006785088684409857,-0.009552824310958385,0.0040035187266767025,0.6459985375404358,0.6459246873855591,0.6553807258605957,0.650048553943634,0.6452205181121826,0.6489444375038147,0.649229884147644,0.6429868340492249,0.00575579609721899,0.006368888542056084,0.0022398727014660835,0.005194770637899637,0.005411732010543346,0.008163835853338242,0.000945681647863239,0.004585961811244488,0.7060189843177795,0.7055490016937256,0.7081106305122375,0.706235408782959,0.7049732208251953,0.7053419947624207,0.7056074738502502,0.7056155800819397,
74,148424,,,,,,,,,,,,,,,,,,,,,,,,,,,,,,,,,,,,,0.01343465968966484
74,148424,1.0,1.3468793630599976,0.05641242116689682,1.2904677391052246,0.005051522050052881,0.008411501534283161,-0.0035810000263154507,0.007292918395251036,0.010538012720644474,0.006148092914372683,-0.003653506515547633,0.0031358888372778893,0.6442179083824158,0.6460756063461304,0.6527173519134521,0.6494784355163574,0.6444619297981262,0.6485638618469238,0.6493570804595947,0.6426653861999512,0.0067831543274223804,0.00835374090820551,0.00354487681761384,0.00680464506149292,0.007398838177323341,0.00726959016174078,0.003904270241037011,0.005721432622522116,0.7049398422241211,0.7049100995063782,0.7060010433197021,0.7052504420280457,0.7047162652015686,0.7049055099487305,0.7051982879638672,0.704611599445343,
75,150403,,,,,,,,,,,,,,,,,,,,,,,,,,,,,,,,,,,,,0.015683230012655258
75,150403,1.0,1.3467398881912231,0.05643337219953537,1.2903058528900146,0.005909086670726538,0.00635535316541791,-0.007421046495437622,0.00830401573330164,0.008340761996805668,0.0026180658023804426,-0.0024226701352745295,0.005611775442957878,0.6444858312606812,0.6445037126541138,0.6509108543395996,0.6479232311248779,0.6428898572921753,0.6474198698997498,0.6491031050682068,0.6433557271957397,0.005521005019545555,0.005908720660954714,0.004165972582995892,0.005231951829046011,0.0056046233512461185,0.005217054393142462,0.003946290817111731,0.00475291209295392,0.7042555809020996,0.704285740852356,0.7049691677093506,0.7043483257293701,0.7041049003601074,0.7042977213859558,0.7043790221214294,0.7041359543800354,
76,152382,,,,,,,,,,,,,,,,,,,,,,,,,,,,,,,,,,,,,0.018868867307901382
76,152382,1.0,1.3466145992279053,0.05649203062057495,1.2901217937469482,0.004757734481245279,0.0032702465541660786,-0.0009852787479758263,0.009168591350317001,0.008100130595266819,0.004841494373977184,-0.002097486052662134,0.004019038751721382,0.643704354763031,0.6438943147659302,0.6493726372718811,0.6483280658721924,0.6422361135482788,0.6471185684204102,0.6475186347961426,0.6415265798568726,0.005953585263341665,0.006733813788741827,0.006689419504255056,0.006362247280776501,0.00629558926448226,0.006555075291544199,0.005720204208046198,0.005927692633122206,0.7035641670227051,0.7036982774734497,0.7041606903076172,0.7036885619163513,0.7036193609237671,0.7038134932518005,0.7037287354469299,0.7037070393562317,
77,154361,,,,,,,,,,,,,,,,,,,,,,,,,,,,,,,,,,,,,0.016160573810338974
77,154361,1.0,1.3466777801513672,0.05639989674091339,1.2902783155441284,0.003967941273003817,0.005290319211781025,-0.005360072944313288,0.008930287323892117,0.007976813241839409,0.005263441242277622,-0.0029094908386468887,0.007550426758825779,0.643052339553833,0.6434088349342346,0.648593544960022,0.6462259888648987,0.6427445411682129,0.646350622177124,0.646872341632843,0.6415480375289917,0.005552356597036123,0.005673867184668779,0.0051841530948877335,0.005326051730662584,0.00559654226526618,0.005775250028818846,0.005225438624620438,0.00554976100102067,0.7027696967124939,0.7027695775032043,0.7028008103370667,0.7027878165245056,0.7027390003204346,0.7028578519821167,0.7027584910392761,0.7027648687362671,
78,156340,,,,,,,,,,,,,,,,,,,,,,,,,,,,,,,,,,,,,0.018413089215755463
78,156340,1.0,1.3462705612182617,0.05643942952156067,1.2898303270339966,0.00726061686873436,0.006948261521756649,-0.002882397035136819,0.011028765700757504,0.009558919817209244,0.0029285044874995947,0.0003327012527734041,0.008998824283480644,0.6428498029708862,0.642944872379303,0.6462349891662598,0.6459738612174988,0.6429495811462402,0.6459599137306213,0.6457311511039734,0.6414315104484558,0.007404424715787172,0.007518470752984285,0.00740943755954504,0.007312387693673372,0.007303078658878803,0.007367074955254793,0.007445394527167082,0.00724564865231514,0.7019145488739014,0.7018824219703674,0.7018676400184631,0.701900839805603,0.7018928527832031,0.7018870115280151,0.7018482685089111,0.7018783688545227,
79,158319,,,,,,,,,,,,,,,,,,,,,,,,,,,,,,,,,,,,,0.015701888129115105
79,158319,1.0,1.3461394309997559,0.05653231218457222,1.2896040678024292,0.005707972217351198,0.004827963653951883,-0.0038798179011791945,0.00698075769469142,0.008074088022112846,0.007513825781643391,-0.0007976010092534125,0.007063719443976879,0.64064621925354,0.6420797109603882,0.6453935503959656,0.6443440914154053,0.6412745714187622,0.6461216807365417,0.6450626850128174,0.6399637460708618,0.0064919632859528065,0.006544965784996748,0.0071669286116957664,0.006261215545237064,0.0067009348422288895,0.006907703820616007,0.006875860970467329,0.0065055000595748425,0.7007714509963989,0.7007114887237549,0.7005207538604736,0.7008156180381775,0.7006968259811401,0.7007832527160645,0.7006794810295105,0.7007646560668945,
80,160298,,,,,,,,,,,,,,,,,,,,,,,,,,,,,,,,,,,,,0.017007747665047646
80,160298,1.0,1.345930576324463,0.05643421784043312,1.2894952297210693,0.005808745976537466,0.007209767587482929,-0.0018961209570989013,0.010504361242055893,0.0074545652605593204,0.004787118174135685,7.22548647900112e-05,0.004449639935046434,0.641798734664917,0.641235888004303,0.6455748081207275,0.6450355648994446,0.6415331959724426,0.6448674201965332,0.6457929015159607,0.6407549977302551,0.007436164189130068,0.007345149293541908,0.007459546905010939,0.00739001389592886,0.007330689579248428,0.007452547084540129,0.007354639936238527,0.007447313982993364,0.7011947631835938,0.7011941075325012,0.7012280225753784,0.7012126445770264,0.7011873722076416,0.7012350559234619,0.7012125253677368,0.7012206315994263,
81,162277,,,,,,,,,,,,,,,,,,,,,,,,,,,,,,,,,,,,,0.015173391439020634
81,162277,1.0,1.3458820581436157,0.05653507634997368,1.28934645652771,0.004866508767008781,0.0032828650437295437,-0.004487650003284216,0.009105030447244644,0.00927207712084055,0.003058812813833356,-0.001460957108065486,0.00635062251240015,0.6400534510612488,0.6413246393203735,0.6435182690620422,0.6441229581832886,0.6404834985733032,0.6440897583961487,0.6440249681472778,0.6395062208175659,0.005140048451721668,0.005222154315561056,0.0051225959323346615,0.0061766416765749454,0.007321861572563648,0.005098217632621527,0.005633957218378782,0.00533596845343709,0.7002220749855042,0.7002058029174805,0.7002159953117371,0.7000669240951538,0.6999164819717407,0.7002143263816833,0.7001424431800842,0.7001882791519165,
82,164256,,,,,,,,,,,,,,,,,,,,,,,,,,,,,,,,,,,,,0.019872572273015976
82,164256,1.0,1.3456894159317017,0.05652254447340965,1.2891706228256226,0.0050817858427762985,0.005493849981576204,-0.0020764698274433613,0.008837437257170677,0.009095837362110615,0.004707640968263149,-0.0018833631183952093,0.005318062845617533,0.6401506066322327,0.6392675042152405,0.6433692574501038,0.6434588432312012,0.6411574482917786,0.6438464522361755,0.6436284780502319,0.6386831998825073,0.0065378290601074696,0.006675871089100838,0.006571914069354534,0.006541923154145479,0.006478115916252136,0.006561856716871262,0.006631143391132355,0.00655732024461031,0.6990424394607544,0.6990326046943665,0.6990397572517395,0.6990373730659485,0.6990305781364441,0.6990375518798828,0.6990382075309753,0.6990386247634888,
83,166235,,,,,,,,,,,,,,,,,,,,,,,,,,,,,,,,,,,,,0.013997651636600494
83,166235,1.0,1.3453688621520996,0.05656832829117775,1.2888002395629883,0.005320197902619839,0.005077945068478584,-0.004791576880961657,0.009226199239492416,0.008227362297475338,0.0037329101469367743,0.0012306347489356995,0.005581263918429613,0.6400638818740845,0.6390383839607239,0.6423034071922302,0.6431028842926025,0.63901287317276,0.6436049938201904,0.6435777544975281,0.6387621760368347,0.006063681095838547,0.006240864749997854,0.0059424154460430145,0.006158918142318726,0.006121170241385698,0.006232204847037792,0.006218681111931801,0.006345439702272415,0.6987093687057495,0.6987104415893555,0.6987218260765076,0.698711097240448,0.6987138390541077,0.69870924949646,0.6987091302871704,0.698689341545105,
84,168214,,,,,,,,,,,,,,,,,,,,,,,,,,,,,,,,,,,,,0.01795770786702633
84,168214,1.0,1.3452812433242798,0.05645967274904251,1.2888213396072388,0.004752502776682377,0.003629048354923725,-0.0043583521619439125,0.01059677079319954,0.008311666548252106,0.00318808201700449,-0.0016096708131954074,0.005436306353658438,0.6394784450531006,0.6393550634384155,0.6412002444267273,0.6422005295753479,0.6378580927848816,0.6415849924087524,0.6428393721580505,0.6387263536453247,0.005954992026090622,0.006234052125364542,0.005627731326967478,0.006262447219341993,0.006433798465877771,0.00603459682315588,0.006198429968208075,0.006469531916081905,0.6976705193519592,0.6976416707038879,0.697715163230896,0.697637677192688,0.6976197957992554,0.6976847052574158,0.6976515054702759,0.6976134181022644,
85,170193,,,,,,,,,,,,,,,,,,,,,,,,,,,,,,,,,,,,,0.021176569163799286
85,170193,1.0,1.3453269004821777,0.05654174089431763,1.288784384727478,0.006309766322374344,0.0010915887542068958,-0.0014036772772669792,0.008686232380568981,0.007368385326117277,0.005489056929945946,0.0007416568696498871,0.0054837483912706375,0.6384575366973877,0.6379864811897278,0.6400030851364136,0.6417670249938965,0.6390634179115295,0.6424154043197632,0.6429065465927124,0.6390135884284973,0.006089923437684774,0.00580961536616087,0.005769762210547924,0.0060279881581664085,0.006038223393261433,0.006189372390508652,0.005679088644683361,0.005550869274884462,0.6974725127220154,0.697523832321167,0.6974139213562012,0.6974151730537415,0.6974168419837952,0.6973767876625061,0.6975142359733582,0.6975325345993042,
86,172172,,,,,,,,,,,,,,,,,,,,,,,,,,,,,,,,,,,,,0.016729550436139107
86,172172,1.0,1.345255732536316,0.05654681473970413,1.2887064218521118,0.003715601982548833,0.0077016474679112434,-0.003138583153486252,0.009939344599843025,0.01312781311571598,0.001066279481165111,-0.0009289644076488912,0.008003933355212212,0.636808454990387,0.637897253036499,0.6403310894966125,0.6410940885543823,0.6386304497718811,0.6401587724685669,0.6397290229797363,0.6369990110397339,0.007481762673705816,0.00734555022791028,0.007509300950914621,0.0075045800767838955,0.007571296766400337,0.00741189531981945,0.007515766192227602,0.007317595649510622,0.6967572569847107,0.6968181133270264,0.6967331171035767,0.6967419385910034,0.6967104077339172,0.6967121958732605,0.696783185005188,0.6967996954917908,
87,174151,,,,,,,,,,,,,,,,,,,,,,,,,,,,,,,,,,,,,0.020551972091197968
87,174151,1.0,1.3449254035949707,0.0565962977707386,1.2883306741714478,0.005472120363265276,0.00592146348208189,-0.003614801913499832,0.010464048013091087,0.007527575362473726,0.0038963984698057175,0.0017175818793475628,0.007157806307077408,0.6379731297492981,0.6371247172355652,0.6397740244865417,0.6399179697036743,0.6368167400360107,0.6398603320121765,0.6405578255653381,0.6372848749160767,0.0073322150856256485,0.007313779089599848,0.0072771161794662476,0.007195010781288147,0.007309860549867153,0.007320161443203688,0.007337204180657864,0.007314022164791822,0.6963022351264954,0.696302056312561,0.6963016986846924,0.6963083148002625,0.6963056921958923,0.6963016390800476,0.696302056312561,0.6963036060333252,
88,176130,,,,,,,,,,,,,,,,,,,,,,,,,,,,,,,,,,,,,0.014132693409919739
88,176130,1.0,1.3449089527130127,0.05656088516116142,1.288347601890564,0.0059242043644189835,0.004230421036481857,-0.00018739097868092358,0.008350316435098648,0.009043394587934017,0.006379834376275539,-0.003801909741014242,0.007690282538533211,0.63655024766922,0.6359177231788635,0.6403288245201111,0.6391907334327698,0.6370000839233398,0.6402323246002197,0.638891339302063,0.6355237364768982,0.006433738395571709,0.006454491522163153,0.006463678553700447,0.0064537920989096165,0.006435873452574015,0.006455136463046074,0.006422484293580055,0.0064559574238955975,0.6952862739562988,0.6952887773513794,0.6952865123748779,0.6952730417251587,0.6952880620956421,0.6952773332595825,0.6952833533287048,0.6952865719795227,
89,178109,,,,,,,,,,,,,,,,,,,,,,,,,,,,,,,,,,,,,0.01274664606899023
89,178109,1.0,1.3446131944656372,0.0566372387111187,1.2879756689071655,0.0061149210669100285,0.00436933571472764,-0.004054598044604063,0.010370082221925259,0.010654697194695473,0.0010084081441164017,0.0016772268572822213,0.007734430953860283,0.635624349117279,0.6361769437789917,0.6385756731033325,0.6388922929763794,0.6360067129135132,0.6384440064430237,0.6387867331504822,0.635728120803833,0.006934648379683495,0.006967589724808931,0.006941030267626047,0.007002219092100859,0.007025668863207102,0.006982762832194567,0.006945415865629911,0.00694684125483036,0.6943342089653015,0.6943358182907104,0.6943305134773254,0.6943305134773254,0.6943270564079285,0.6943382024765015,0.6943347454071045,0.6943296194076538,
90,180088,,,,,,,,,,,,,,,,,,,,,,,,,,,,,,,,,,,,,0.017868388444185257
90,180088,1.0,1.3446167707443237,0.05659777298569679,1.2880181074142456,0.006086297333240509,0.004557190462946892,-0.00215698778629303,0.01048318948596716,0.008207006379961967,0.0026995784137398005,-0.0008943930151872337,0.00709554785862565,0.6363126039505005,0.6340605616569519,0.6380075216293335,0.6384027600288391,0.634867250919342,0.6374247670173645,0.6391844749450684,0.6350910663604736,0.005957670975476503,0.005885947961360216,0.005522832740098238,0.005990298930555582,0.006043050903826952,0.0059144627302885056,0.005842387676239014,0.00602329894900322,0.6941866874694824,0.6941863298416138,0.6942028999328613,0.6941804885864258,0.694184422492981,0.6941894292831421,0.6941908597946167,0.6941854953765869,
91,182067,,,,,,,,,,,,,,,,,,,,,,,,,,,,,,,,,,,,,0.013056023977696896
91,182067,1.0,1.3443392515182495,0.05659865587949753,1.2877404689788818,0.0036498201079666615,0.004319190047681332,-0.004088015761226416,0.007635355461388826,0.007510808762162924,0.003170512616634369,-0.0010052849538624287,0.00823010690510273,0.6345728039741516,0.6342512965202332,0.6372655630111694,0.6377893090248108,0.634967565536499,0.6382763981819153,0.637451171875,0.6342796087265015,0.005145507864654064,0.005196737591177225,0.005192300770431757,0.005170162301510572,0.0051573896780610085,0.005159229971468449,0.005154937971383333,0.005175385624170303,0.6932472586631775,0.6932457685470581,0.6932458877563477,0.6932463645935059,0.6932470798492432,0.6932467222213745,0.6932472586631775,0.6932465434074402,
92,184046,,,,,,,,,,,,,,,,,,,,,,,,,,,,,,,,,,,,,0.01103938277810812
92,184046,1.0,1.3443540334701538,0.056689634919166565,1.2876664400100708,0.005182566121220589,0.0033767714630812407,-0.001610764884389937,0.008976384997367859,0.008870257064700127,0.004983558785170317,-0.002381247701123357,0.007924013771116734,0.6343966722488403,0.6346784830093384,0.6360133290290833,0.6365157961845398,0.6341635584831238,0.6370691657066345,0.6375150680541992,0.6342394948005676,0.007687482051551342,0.0077288271859288216,0.0077727967873215675,0.007726319134235382,0.007859042845666409,0.008013896644115448,0.007650129031389952,0.007826308719813824,0.6922694444656372,0.6922707557678223,0.6922715902328491,0.6922647953033447,0.692271888256073,0.692274272441864,0.6922720670700073,0.6922667026519775,
93,186025,,,,,,,,,,,,,,,,,,,,,,,,,,,,,,,,,,,,,0.01767577789723873
93,186025,1.0,1.3441482782363892,0.05661111697554588,1.2875380516052246,0.005620603449642658,0.004761455114930868,-0.0033528271596878767,0.011069073341786861,0.008378599770367146,0.0014556540409103036,-0.0015640814090147614,0.008109730668365955,0.6339167356491089,0.6333271861076355,0.635689914226532,0.6367468237876892,0.633772075176239,0.635590672492981,0.6365506649017334,0.6331118941307068,0.005935240536928177,0.00545114791020751,0.006057959981262684,0.00596701679751277,0.005864267703145742,0.005643625743687153,0.005615419242531061,0.005586780142039061,0.6918194890022278,0.6918059587478638,0.6918208599090576,0.6918177008628845,0.6918211579322815,0.6918110251426697,0.6918103694915771,0.6918030977249146,
94,188004,,,,,,,,,,,,,,,,,,,,,,,,,,,,,,,,,,,,,0.01645699515938759
94,188004,1.0,1.3439449071884155,0.05662583187222481,1.2873203754425049,0.004559393972158432,0.002592535689473152,0.0024345065467059612,0.009768049232661724,0.007163907401263714,0.005414243787527084,-0.002907944144681096,0.008296657353639603,0.6330733895301819,0.6326510310173035,0.6340831518173218,0.6352748870849609,0.6335678696632385,0.6349218487739563,0.6358160972595215,0.6320663690567017,0.006352676078677177,0.006432861089706421,0.00625036982819438,0.006363345310091972,0.0063760410994291306,0.0062645613215863705,0.0063561936840415,0.006178765557706356,0.69092857837677,0.6909314393997192,0.6909303069114685,0.6909319162368774,0.690925121307373,0.6909340023994446,0.6909292936325073,0.6909329295158386,
95,189983,,,,,,,,,,,,,,,,,,,,,,,,,,,,,,,,,,,,,0.018382225185632706
95,189983,1.0,1.3441836833953857,0.05656008422374725,1.287624716758728,0.004853933583945036,0.00633069546893239,-0.0027636412996798754,0.009551306255161762,0.009581840597093105,0.003427165327593684,-0.002230552025139332,0.009511263109743595,0.6321797370910645,0.6330479979515076,0.6348363757133484,0.6340065598487854,0.6328182816505432,0.636015772819519,0.635317325592041,0.63055819272995,0.006669801194220781,0.006682409904897213,0.0067108687944710255,0.006725596729665995,0.006640974897891283,0.00666503980755806,0.0066087557934224606,0.006659222766757011,0.6905933022499084,0.6905887126922607,0.6905946135520935,0.6905936598777771,0.6905889511108398,0.6905927658081055,0.6905898451805115,0.6905912756919861,
96,191962,,,,,,,,,,,,,,,,,,,,,,,,,,,,,,,,,,,,,0.01811860129237175
96,191962,1.0,1.3438959121704102,0.05669745057821274,1.287201166152954,0.0021798445377498865,0.0016260658157989383,-0.003918317146599293,0.009409270249307156,0.00956734362989664,0.0023503045085817575,-0.0008975975797511637,0.01050050649791956,0.632807195186615,0.6312574148178101,0.6332573294639587,0.6343976855278015,0.6320510506629944,0.6345694065093994,0.6344124674797058,0.6315389275550842,0.005077648907899857,0.005011054687201977,0.005292328540235758,0.005280977115035057,0.005149812437593937,0.005257559008896351,0.005127325654029846,0.0052711316384375095,0.6898179650306702,0.6898168921470642,0.6898301243782043,0.6898269057273865,0.6898223757743835,0.6898274421691895,0.6898220777511597,0.689827024936676,
97,193941,,,,,,,,,,,,,,,,,,,,,,,,,,,,,,,,,,,,,0.012383990921080112
97,193941,1.0,1.3437579870224,0.05668225884437561,1.2870746850967407,0.004871086683124304,0.0059788343496620655,-0.0025198112707585096,0.009023751132190228,0.008760902099311352,0.0001301104057347402,0.000392784655559808,0.007343164645135403,0.6309586763381958,0.6311103105545044,0.6333947777748108,0.6332529187202454,0.6317145228385925,0.6343585252761841,0.6345303654670715,0.6310093402862549,0.005696302745491266,0.005876994226127863,0.005198248662054539,0.0057420008815824986,0.005949117708951235,0.005613598506897688,0.005891925655305386,0.005975036881864071,0.6898794174194336,0.6898857951164246,0.689866304397583,0.6898790001869202,0.689888596534729,0.6898819208145142,0.6898841261863708,0.6898931264877319,
98,195920,,,,,,,,,,,,,,,,,,,,,,,,,,,,,,,,,,,,,0.022211993113160133
98,195920,1.0,1.3436408042907715,0.056756842881441116,1.2868843078613281,0.004353648982942104,0.0020997796673327684,-0.002498280955478549,0.009638340212404728,0.009996594861149788,0.0028817355632781982,0.0009819268016144633,0.008930896408855915,0.632712185382843,0.6296557784080505,0.6320534348487854,0.6322851181030273,0.6301355957984924,0.6332883238792419,0.634040355682373,0.6311386227607727,0.005998468026518822,0.005972467828541994,0.005103006027638912,0.005921740084886551,0.00595028605312109,0.005647968966513872,0.005906605627387762,0.006158879026770592,0.6885530948638916,0.6885467767715454,0.6885398030281067,0.6885510683059692,0.6885509490966797,0.688540518283844,0.6885533928871155,0.6885552406311035,
99,197899,,,,,,,,,,,,,,,,,,,,,,,,,,,,,,,,,,,,,0.020449623465538025
99,197899,1.0,1.3434683084487915,0.05673827975988388,1.2867306470870972,0.003602278884500265,0.0035906496923416853,-0.0017388163832947612,0.007578517775982618,0.007194248028099537,0.003918507602065802,-0.0020844254177063704,0.0076203844510018826,0.630768358707428,0.6298026442527771,0.6320970058441162,0.6322001218795776,0.6312792897224426,0.6323862671852112,0.632485568523407,0.6284946799278259,0.004647689405828714,0.0058165122754871845,0.00399373285472393,0.005645307246595621,0.004806778393685818,0.004485214129090309,0.0046224589459598064,0.004493766464293003,0.6884909868240356,0.6885221004486084,0.6884838342666626,0.688518226146698,0.688502848148346,0.6884961128234863,0.6885013580322266,0.6884943842887878,
100,199878,,,,,,,,,,,,,,,,,,,,,,,,,,,,,,,,,,,,,0.0182025246322155
100,199878,1.0,1.343574047088623,0.0566273033618927,1.2869471311569214,0.0062307086773216724,0.004941811319440603,-0.00018255827308166772,0.010234574787318707,0.00905094388872385,0.0034519690088927746,-0.0014270601095631719,0.00614696741104126,0.631196916103363,0.6284834742546082,0.6308621764183044,0.631936252117157,0.6297644972801208,0.6331042647361755,0.6317203640937805,0.6285082697868347,0.006124416831880808,0.006123663857579231,0.006185022182762623,0.006339443847537041,0.006126757711172104,0.006135661154985428,0.006256381049752235,0.006089809350669384,0.6876126527786255,0.6876125931739807,0.6876146197319031,0.687619686126709,0.6876122355461121,0.6876133680343628,0.6876177191734314,0.6876112222671509,
101,201857,,,,,,,,,,,,,,,,,,,,,,,,,,,,,,,,,,,,,0.017735939472913742
101,201857,1.0,1.3430732488632202,0.05672021582722664,1.2863545417785645,0.002815892221406102,0.004180834162980318,-0.0020391098223626614,0.006923082750290632,0.009251924231648445,0.0039018732495605946,0.0006261871894821525,0.011877224780619144,0.628909707069397,0.6292300224304199,0.6304281949996948,0.631419837474823,0.6280120611190796,0.632278323173523,0.6311400532722473,0.6287317276000977,0.005504791159182787,0.0052078599110245705,0.0069486359134316444,0.004998795688152313,0.005226189736276865,0.00569325452670455,0.005683386232703924,0.005574124399572611,0.6870080232620239,0.6870064735412598,0.6870494484901428,0.6869938373565674,0.6870012283325195,0.6870147585868835,0.6870129704475403,0.6870105862617493,
102,203836,,,,,,,,,,,,,,,,,,,,,,,,,,,,,,,,,,,,,0.013097154907882214
102,203836,1.0,1.3432103395462036,0.05674467235803604,1.2864660024642944,0.006207094993442297,0.006160281132906675,-0.0018514897674322128,0.0102008618414402,0.01205463707447052,0.002717812079936266,-0.0020318767055869102,0.009701932780444622,0.6295570135116577,0.6277600526809692,0.6308898329734802,0.630847692489624,0.6289336085319519,0.6303746700286865,0.6309149861335754,0.6281934976577759,0.006507109384983778,0.006720064207911491,0.00638462183997035,0.006393224932253361,0.006629600655287504,0.006598121486604214,0.00659192493185401,0.006666438654065132,0.6864748597145081,0.6865604519844055,0.6865618228912354,0.6865179538726807,0.6865271925926208,0.6864886283874512,0.6864327788352966,0.6865477561950684,
103,205815,,,,,,,,,,,,,,,,,,,,,,,,,,,,,,,,,,,,,0.008899145759642124
103,205815,1.0,1.3430910110473633,0.05676480010151863,1.2863266468048096,0.0027139706071466208,0.002493609907105565,-0.0005792031297460198,0.008337403647601604,0.009389271028339863,0.0072734421119093895,0.0011099128751084208,0.005577288568019867,0.6283159255981445,0.6273331046104431,0.629563570022583,0.6298409104347229,0.6288259625434875,0.6310967206954956,0.6305021643638611,0.6277070045471191,0.00623409915715456,0.006159376818686724,0.006074748933315277,0.006187244318425655,0.006631880532950163,0.006397625897079706,0.006243449170142412,0.0061666215769946575,0.685947060585022,0.6859509944915771,0.6859422326087952,0.6859480738639832,0.6859716773033142,0.6859551072120667,0.685939371585846,0.6859455704689026,
104,207794,,,,,,,,,,,,,,,,,,,,,,,,,,,,,,,,,,,,,0.0228421613574028
104,207794,1.0,1.3432011604309082,0.05683380365371704,1.2863668203353882,0.004747722297906876,0.005250340327620506,-0.0025696964003145695,0.009665613062679768,0.00901166070252657,0.0037885108031332493,-0.0011649052612483501,0.011629283428192139,0.6264194250106812,0.6272733807563782,0.6284828782081604,0.6286715865135193,0.6272203326225281,0.6312891244888306,0.6292550563812256,0.626594603061676,0.005408416967839003,0.00575671810656786,0.005542263388633728,0.005597628187388182,0.006168710999190807,0.005639955867081881,0.005585007835179567,0.005301394499838352,0.6850391030311584,0.6850616335868835,0.6850489974021912,0.685050368309021,0.6850866079330444,0.6850532293319702,0.685045599937439,0.6850342750549316,
105,209773,,,,,,,,,,,,,,,,,,,,,,,,,,,,,,,,,,,,,0.006001838482916355
105,209773,1.0,1.3430383205413818,0.056669916957616806,1.2863686084747314,0.006877112668007612,0.0050471508875489235,-0.0009256576304323971,0.009815636090934277,0.007702814880758524,0.003410694422200322,-0.0038069102447479963,0.007584929000586271,0.6264564990997314,0.6263741850852966,0.6296189427375793,0.6284968852996826,0.6263867616653442,0.6298560500144958,0.6285949945449829,0.6250746250152588,0.005958342459052801,0.0059704892337322235,0.005963487550616264,0.005938311573117971,0.005957166664302349,0.005969159305095673,0.0058898949064314365,0.005969105754047632,0.684227466583252,0.6842284798622131,0.6842278242111206,0.6842260956764221,0.6842271089553833,0.684228241443634,0.6842228174209595,0.6842280626296997,
106,211752,,,,,,,,,,,,,,,,,,,,,,,,,,,,,,,,,,,,,0.01653054542839527
106,211752,1.0,1.3425447940826416,0.05682298168540001,1.2857218980789185,0.004394423216581345,0.003859363030642271,-0.0003769017057493329,0.010218512266874313,0.011880007572472095,0.0030128692742437124,0.0002817942586261779,0.011753678321838379,0.6270195245742798,0.6265720725059509,0.6283470392227173,0.6279227137565613,0.6260359883308411,0.6294848322868347,0.6286149621009827,0.6249142289161682,0.00618347292765975,0.006185778416693211,0.006130749359726906,0.006072962190955877,0.006064930465072393,0.005875326693058014,0.005832514725625515,0.0063680196180939674,0.6840262413024902,0.684014081954956,0.6840165257453918,0.6840240359306335,0.6840105652809143,0.6839964985847473,0.6840055584907532,0.6840391755104065,
107,213731,,,,,,,,,,,,,,,,,,,,,,,,,,,,,,,,,,,,,0.01970564015209675
107,213731,1.0,1.3426458835601807,0.056761786341667175,1.2858877182006836,0.005281361751258373,0.0030995614361017942,-0.0020368595141917467,0.010690057650208473,0.008232257328927517,0.004677511751651764,0.001296349335461855,0.008757800795137882,0.626678466796875,0.6249607801437378,0.6266665458679199,0.6275979280471802,0.6259424090385437,0.628490686416626,0.6285883784294128,0.6257943511009216,0.006424998864531517,0.006440840661525726,0.006417999044060707,0.006423361133784056,0.006428443361073732,0.006406585685908794,0.006390429567545652,0.006429114378988743,0.6835538744926453,0.683555006980896,0.6835533976554871,0.6835538148880005,0.6835540533065796,0.6835527420043945,0.6835517287254333,0.6835541725158691,
108,215710,,,,,,,,,,,,,,,,,,,,,,,,,,,,,,,,,,,,,0.024597253650426865
108,215710,1.0,1.3425720930099487,0.056800417602062225,1.2857722043991089,0.006008105352520943,0.00343779637478292,0.0009051891975104809,0.010119267739355564,0.01119728572666645,0.004423249047249556,-0.0017284207278862596,0.009148417972028255,0.626725971698761,0.6248493194580078,0.6269830465316772,0.6276898384094238,0.6244097948074341,0.6281706690788269,0.6269696950912476,0.6244698762893677,0.0070955040864646435,0.006637666840106249,0.00725686876103282,0.007100495044142008,0.007348444778472185,0.007089072838425636,0.007048880215734243,0.006398371886461973,0.6828954219818115,0.6828505396842957,0.6829008460044861,0.6828984618186951,0.6828996539115906,0.6828935146331787,0.6828706860542297,0.6828572154045105,
109,217689,,,,,,,,,,,,,,,,,,,,,,,,,,,,,,,,,,,,,0.016031453385949135
109,217689,1.0,1.342470407485962,0.05684848874807358,1.2856210470199585,0.003209521761164069,0.007315682712942362,-0.000600671221036464,0.010566388256847858,0.01007058098912239,0.007410814519971609,-0.002748907310888171,0.009013825096189976,0.6256272792816162,0.6229880452156067,0.6267119646072388,0.6261913180351257,0.6247835159301758,0.6276387572288513,0.627661406993866,0.6243298053741455,0.006673135329037905,0.006402184721082449,0.00676253717392683,0.0067081144079566,0.006334986072033644,0.006612011697143316,0.006721889600157738,0.006427488289773464,0.6820440292358398,0.6820237040519714,0.6820493936538696,0.6820470690727234,0.6820217967033386,0.6820400953292847,0.6820481419563293,0.6820279359817505,
110,219668,,,,,,,,,,,,,,,,,,,,,,,,,,,,,,,,,,,,,0.013974160887300968
110,219668,1.0,1.3422738313674927,0.05682719126343727,1.2854483127593994,0.006469379644840956,0.004367663990706205,-0.0005329326377250254,0.011549018323421478,0.010056132450699806,0.0018320888048037887,-0.0003600592608563602,0.010647342540323734,0.6255260109901428,0.6236286163330078,0.624443769454956,0.6249475479125977,0.6241360902786255,0.6266771554946899,0.6267825365066528,0.6235357522964478,0.0060609024949371815,0.006070496514439583,0.006073174998164177,0.0060815573669970036,0.006047155242413282,0.006053971592336893,0.006052045617252588,0.00606623524799943,0.6817114353179932,0.6817121505737305,0.6817122101783752,0.681712806224823,0.6817106604576111,0.6817110776901245,0.6817108988761902,0.6817117929458618,
111,221647,,,,,,,,,,,,,,,,,,,,,,,,,,,,,,,,,,,,,0.0193861685693264
111,221647,1.0,1.3420113325119019,0.056827347725629807,1.2851858139038086,0.004376544617116451,0.005292980000376701,-0.00381923234090209,0.009198877029120922,0.010391545481979847,0.005692353472113609,0.003246711101382971,0.010220926254987717,0.6241138577461243,0.6232782006263733,0.6245993375778198,0.6248540878295898,0.6229294538497925,0.6261014938354492,0.6253256797790527,0.622767448425293,0.006127430126070976,0.0061335694044828415,0.005959689617156982,0.006079479120671749,0.006078672129660845,0.006001761183142662,0.0061151329427957535,0.006091342773288488,0.6809706091880798,0.6809641718864441,0.6809756755828857,0.6809404492378235,0.6809565424919128,0.6809658408164978,0.6809601783752441,0.680962085723877,
112,223626,,,,,,,,,,,,,,,,,,,,,,,,,,,,,,,,,,,,,0.02226404845714569
112,223626,1.0,1.3420684337615967,0.05688190087676048,1.2851864099502563,0.0065580690279603004,0.006166701205074787,-0.0031824251636862755,0.009409412741661072,0.010274487547576427,0.004205205477774143,-0.0001573243353050202,0.01004586461931467,0.6233952641487122,0.6232486963272095,0.6245247721672058,0.6239639520645142,0.6209959983825684,0.6252992749214172,0.6251862645149231,0.6217077374458313,0.005563238635659218,0.0055038402788341045,0.0055342502892017365,0.005556793883442879,0.005549951456487179,0.005525778979063034,0.005489000119268894,0.0053855543956160545,0.6798607110977173,0.6798574924468994,0.6798591017723083,0.6798604726791382,0.6798601150512695,0.6798588633537292,0.6798566579818726,0.6798503994941711,
113,225605,,,,,,,,,,,,,,,,,,,,,,,,,,,,,,,,,,,,,0.0262079406529665
113,225605,1.0,1.341907262802124,0.056872084736824036,1.2850348949432373,0.0029853542800992727,0.005450960248708725,0.0016050388803705573,0.008195868693292141,0.005542725324630737,0.004489604849368334,-0.0017344908555969596,0.008802324533462524,0.6237612366676331,0.6222414374351501,0.622654139995575,0.6235622763633728,0.6220073103904724,0.6252527832984924,0.6248394846916199,0.6227409839630127,0.006105747539550066,0.006061037536710501,0.006125054322183132,0.006070480216294527,0.0061398823745548725,0.005999388173222542,0.006000439636409283,0.006141868885606527,0.6799616813659668,0.6799668073654175,0.6799511313438416,0.6799651980400085,0.6799580454826355,0.6799761056900024,0.6799778938293457,0.6799604296684265,
114,227584,,,,,,,,,,,,,,,,,,,,,,,,,,,,,,,,,,,,,0.017268691211938858
114,227584,1.0,1.34184992313385,0.05693930760025978,1.2849119901657104,0.006183539982885122,0.007719052489846945,-0.0024954809341579676,0.010412236675620079,0.014147922396659851,0.002155509777367115,0.002691745525225997,0.010811778716742992,0.6232413053512573,0.6222338676452637,0.623848021030426,0.6225862503051758,0.6208497285842896,0.6234875321388245,0.6237905621528625,0.6217935085296631,0.007101431954652071,0.007211288902908564,0.007191667333245277,0.007201314438134432,0.006849305704236031,0.0064359502866864204,0.0073234750889241695,0.0072855292819440365,0.6790719628334045,0.6790720820426941,0.6790682077407837,0.6790628433227539,0.6790727972984314,0.6790661215782166,0.679075300693512,0.6790751814842224,
115,229563,,,,,,,,,,,,,,,,,,,,,,,,,,,,,,,,,,,,,0.00984708871692419
115,229563,1.0,1.3417327404022217,0.05691976845264435,1.2848142385482788,0.0017776257591322064,0.006163485813885927,-0.0017426323611289263,0.010095122270286083,0.012535082176327705,0.00243254192173481,0.001986860064789653,0.0087091363966465,0.6218838095664978,0.621863067150116,0.6223034858703613,0.6217214465141296,0.6216216087341309,0.6239516139030457,0.6232491731643677,0.6204956769943237,0.006091277580708265,0.0061447033658623695,0.006121288053691387,0.006094897165894508,0.0060392278246581554,0.0060449084267020226,0.0060837422497570515,0.006183813326060772,0.6778672337532043,0.6778721809387207,0.6778702139854431,0.6778673529624939,0.6778634190559387,0.6778636574745178,0.6778665781021118,0.6778756976127625,
116,231542,,,,,,,,,,,,,,,,,,,,,,,,,,,,,,,,,,,,,0.012666341848671436
116,231542,1.0,1.3415416479110718,0.05685145780444145,1.2846899032592773,0.0034587804693728685,0.0034580219071358442,-0.0002500673581380397,0.007441360037773848,0.01063441764563322,0.004218257497996092,-0.0005324851954355836,0.010917308740317822,0.621390700340271,0.620278537273407,0.622818648815155,0.6213904619216919,0.6205609440803528,0.6217081546783447,0.6229780316352844,0.6207957863807678,0.006745629943907261,0.006699326913803816,0.006706207059323788,0.0067281522788107395,0.006761263590306044,0.006707049440592527,0.006715437397360802,0.006730732508003712,0.678074300289154,0.6780701279640198,0.6780710220336914,0.678072988986969,0.6780760884284973,0.6780707240104675,0.6780718564987183,0.6780733466148376,
117,233521,,,,,,,,,,,,,,,,,,,,,,,,,,,,,,,,,,,,,0.01725241169333458
117,233521,1.0,1.3415725231170654,0.056975748389959335,1.2845991849899292,0.002961438847705722,0.006927964277565479,-0.00025660760002210736,0.010306394658982754,0.008009327575564384,0.004057890735566616,0.00208881008438766,0.009561476297676563,0.6219013929367065,0.6198425889015198,0.6213038563728333,0.6208623051643372,0.6208441257476807,0.6226494908332825,0.6214125752449036,0.6190113425254822,0.006136703304946423,0.006020466331392527,0.006088352296501398,0.006015988532453775,0.006258483976125717,0.006101734470576048,0.006196616683155298,0.006144595332443714,0.6771070957183838,0.6770959496498108,0.6771016120910645,0.6770939826965332,0.6771232485771179,0.6771039366722107,0.6771149635314941,0.6771093606948853,
118,235500,,,,,,,,,,,,,,,,,,,,,,,,,,,,,,,,,,,,,0.018195414915680885
118,235500,1.0,1.3415617942810059,0.05701066181063652,1.2845520973205566,0.0025788312777876854,0.003235678654164076,-0.0017041739774867892,0.008088435977697372,0.009683552198112011,0.0037603345699608326,-0.0012929722433909774,0.009133441373705864,0.6222779154777527,0.6193471550941467,0.6202995181083679,0.6199533939361572,0.6191802024841309,0.6215910911560059,0.6208944916725159,0.6191199421882629,0.005631382577121258,0.005652854219079018,0.005631515756249428,0.005619486793875694,0.00563818821683526,0.005620969925075769,0.005597524810582399,0.005616100039333105,0.6768448948860168,0.6768446564674377,0.6768447160720825,0.6768440008163452,0.6768439412117004,0.6768438220024109,0.6768425703048706,0.6768426895141602,
119,237479,,,,,,,,,,,,,,,,,,,,,,,,,,,,,,,,,,,,,0.018944406881928444
119,237479,1.0,1.3413501977920532,0.05695036053657532,1.2843981981277466,0.005254331044852734,0.008186476305127144,-0.002344986889511347,0.010849966667592525,0.0097837308421731,0.005242749582976103,0.0004949824651703238,0.008630101568996906,0.6207628846168518,0.6193572878837585,0.6205908060073853,0.6192620396614075,0.6194896101951599,0.6222821474075317,0.6206088066101074,0.6188523769378662,0.00766215892508626,0.0076850177720189095,0.007665162440389395,0.00768471322953701,0.007677300833165646,0.0076853493228554726,0.0076820217072963715,0.007693692576140165,0.676002562046051,0.6760080456733704,0.6760026216506958,0.6760051846504211,0.6760042309761047,0.6760075092315674,0.6760056614875793,0.6760075092315674,
120,239458,,,,,,,,,,,,,,,,,,,,,,,,,,,,,,,,,,,,,0.01927877403795719
120,239458,1.0,1.3412858247756958,0.05694212764501572,1.284343957901001,0.003997215535491705,0.00470702676102519,0.0006633592420257628,0.008967528119683266,0.010840394534170628,0.005631933454424143,0.002665251726284623,0.008324310183525085,0.6197385787963867,0.61800616979599,0.6194692850112915,0.6184186339378357,0.6183901429176331,0.6206164360046387,0.6210395693778992,0.6173473596572876,0.0067687369883060455,0.006750266999006271,0.006825597956776619,0.006784670986235142,0.0067834313958883286,0.006808081176131964,0.006776442751288414,0.00679768156260252,0.6751672029495239,0.6751639246940613,0.6751755475997925,0.6751687526702881,0.6751682758331299,0.6751704812049866,0.6751678586006165,0.6751695871353149,
121,241437,,,,,,,,,,,,,,,,,,,,,,,,,,,,,,,,,,,,,0.010843025520443916
121,241437,1.0,1.341230034828186,0.05705992504954338,1.2841707468032837,0.006685337517410517,0.004110032692551613,-0.0030764443799853325,0.010493744164705276,0.012819437310099602,0.0039553106762468815,-0.0022114471066743135,0.010280771180987358,0.6195220947265625,0.6175558567047119,0.6184919476509094,0.6183215975761414,0.6178085207939148,0.6203777194023132,0.6199504137039185,0.6179062128067017,0.00612526573240757,0.006003509741276503,0.006058696191757917,0.006092204712331295,0.006102805957198143,0.006030709948390722,0.006022587884217501,0.0060526602901518345,0.6748853921890259,0.6748749017715454,0.6748799085617065,0.6748822927474976,0.6748833656311035,0.6748762726783752,0.6748758554458618,0.6748784184455872,
122,243416,,,,,,,,,,,,,,,,,,,,,,,,,,,,,,,,,,,,,0.018607111647725105
122,243416,1.0,1.3410073518753052,0.05713137239217758,1.2838765382766724,0.003407156327739358,0.006309350021183491,0.0013185550924390554,0.01060138177126646,0.010641329921782017,0.0037791957147419453,0.000188524485565722,0.01057130005210638,0.6197647452354431,0.6177340149879456,0.6181283593177795,0.6174803376197815,0.6164763569831848,0.6196849942207336,0.6190449595451355,0.615764856338501,0.006673886440694332,0.006590783596038818,0.006642740219831467,0.006667658220976591,0.0066756075248122215,0.006678592413663864,0.006646418944001198,0.006669094320386648,0.6743071675300598,0.6742983460426331,0.6743040680885315,0.6743065118789673,0.6743074059486389,0.6743078827857971,0.674304187297821,0.6743064522743225,
123,245395,,,,,,,,,,,,,,,,,,,,,,,,,,,,,,,,,,,,,0.014058992266654968
123,245395,1.0,1.340916395187378,0.05700428783893585,1.2839139699935913,0.0025324150919914246,0.004083266481757164,-0.003353677224367857,0.008884670212864876,0.012458378449082375,0.004761938471347094,-0.0007406015647575259,0.010900838300585747,0.6192124485969543,0.6174958944320679,0.6170766353607178,0.6162200570106506,0.6181663870811462,0.6199944615364075,0.6193631291389465,0.6169106960296631,0.005620280746370554,0.006110998801887035,0.0058923810720443726,0.006197711918503046,0.0060601611621677876,0.0057069058530032635,0.005891081411391497,0.006212130188941956,0.6739701628684998,0.6740575432777405,0.6739885210990906,0.6739915013313293,0.6740236878395081,0.6739948987960815,0.6739886999130249,0.6739977598190308,
124,247374,,,,,,,,,,,,,,,,,,,,,,,,,,,,,,,,,,,,,0.02217963896691799
124,247374,1.0,1.3408381938934326,0.057110246270895004,1.283728003501892,0.004894198849797249,0.005583837162703276,0.00015231002180371433,0.01034684106707573,0.008529639802873135,0.004702814854681492,-0.0012919956352561712,0.00695520406588912,0.6182734966278076,0.6167653799057007,0.6173203587532043,0.6163750290870667,0.6155652403831482,0.6183139681816101,0.6189059615135193,0.6158457398414612,0.006001908332109451,0.006002385169267654,0.00533564668148756,0.005668299738317728,0.005796484649181366,0.005890423431992531,0.0054436116479337215,0.0053204018622636795,0.673421323299408,0.6733971238136292,0.673322319984436,0.6733729839324951,0.6733854413032532,0.6734289526939392,0.6733353734016418,0.6732962727546692,
125,249353,,,,,,,,,,,,,,,,,,,,,,,,,,,,,,,,,,,,,0.02101926878094673
125,249353,1.0,1.3406697511672974,0.05712459608912468,1.283544898033142,0.0024899360723793507,0.003066428704187274,-0.00013017220771871507,0.007079862058162689,0.010108002461493015,0.005764268338680267,-0.0006414750241674483,0.010342511348426342,0.6174942851066589,0.6158311367034912,0.6165196895599365,0.6147207021713257,0.6155056953430176,0.6181021332740784,0.6171693205833435,0.6145288944244385,0.005736798979341984,0.005745370872318745,0.005792838986963034,0.005773646291345358,0.005747281480580568,0.005736171267926693,0.0057890042662620544,0.0058113024570047855,0.6722496747970581,0.6722452640533447,0.6722620129585266,0.672259509563446,0.6722530126571655,0.6722500324249268,0.6722637414932251,0.6722666621208191,
126,251332,,,,,,,,,,,,,,,,,,,,,,,,,,,,,,,,,,,,,0.017896775156259537
126,251332,1.0,1.3404911756515503,0.05713330954313278,1.2833564281463623,0.002844865433871746,0.006638502702116966,0.001766640692949295,0.009467974305152893,0.00901902373880148,0.001588611165061593,-0.003335548797622323,0.00848018191754818,0.616213321685791,0.6141413450241089,0.616582453250885,0.6144376397132874,0.6152230501174927,0.6169055700302124,0.618063747882843,0.6139665842056274,0.004600088577717543,0.0049546221271157265,0.00470364885404706,0.0045307655818760395,0.004427122883498669,0.0045074340887367725,0.004171325359493494,0.004617433529347181,0.671495258808136,0.6715880632400513,0.6715806126594543,0.6715216040611267,0.671536386013031,0.6715337038040161,0.6715108752250671,0.6715430617332458,
127,253311,,,,,,,,,,,,,,,,,,,,,,,,,,,,,,,,,,,,,0.016449252143502235
127,253311,1.0,1.3402730226516724,0.05703098326921463,1.2832432985305786,0.002245355164632201,0.005236324388533831,-0.001585130812600255,0.009500217624008656,0.007451429031789303,0.0029948765877634287,0.0018133593257516623,0.010395575314760208,0.6174044013023376,0.6150467395782471,0.6146252155303955,0.6134771704673767,0.6140099167823792,0.6165241599082947,0.6164752840995789,0.6148813962936401,0.005138792097568512,0.005413808394223452,0.005651249084621668,0.005301298573613167,0.005409689620137215,0.005279977805912495,0.005298509728163481,0.0052678557112813,0.6711056232452393,0.6711609363555908,0.6712013483047485,0.6711368560791016,0.6711557507514954,0.6711280345916748,0.6711411476135254,0.6711363196372986,
128,255290,,,,,,,,,,,,,,,,,,,,,,,,,,,,,,,,,,,,,0.015330652706325054
128,255290,1.0,1.3404022455215454,0.05715464800596237,1.283246636390686,0.0009013156522996724,0.00492313876748085,-0.0016979951178655028,0.008414187468588352,0.010747170075774193,0.0031312196515500546,0.0001583649864187464,0.006301357410848141,0.6161367297172546,0.6134067177772522,0.6165198087692261,0.612964928150177,0.613755464553833,0.6166293025016785,0.614727795124054,0.6133275032043457,0.0055257105268538,0.005521305836737156,0.005529293790459633,0.0055168503895401955,0.005559991579502821,0.005525845568627119,0.005531014874577522,0.005520325619727373,0.6703673005104065,0.6703668832778931,0.6703672409057617,0.670366108417511,0.6703710556030273,0.6703667044639587,0.6703674793243408,0.670367419719696,
129,257269,,,,,,,,,,,,,,,,,,,,,,,,,,,,,,,,,,,,,0.013589819893240929
129,257269,1.0,1.3403578996658325,0.05716090649366379,1.2831978797912598,0.0030965092591941357,0.004104547202587128,-0.001240795711055398,0.010117679834365845,0.008726074360311031,0.003956660628318787,-0.0012965553905814886,0.00887780636548996,0.6148914098739624,0.6140637993812561,0.6142747402191162,0.612304151058197,0.6134514808654785,0.6167454719543457,0.6150588393211365,0.6121826171875,0.006019746884703636,0.00570674566552043,0.005574201699346304,0.006860449444502592,0.0061495425179600716,0.005861720535904169,0.0061977026052773,0.006211733445525169,0.6698963642120361,0.6698819994926453,0.6698628067970276,0.669962465763092,0.6699027419090271,0.6698915958404541,0.6699082851409912,0.6699076294898987,
130,259248,,,,,,,,,,,,,,,,,,,,,,,,,,,,,,,,,,,,,0.01742478460073471
130,259248,1.0,1.3401682376861572,0.05725859850645065,1.2829097509384155,0.0032898690551519394,0.003968481905758381,-0.00032475314219482243,0.009065430611371994,0.00991529505699873,0.0028364411555230618,0.00043571795686148107,0.0074976785108447075,0.6142929196357727,0.6135072708129883,0.6132886409759521,0.6112043857574463,0.6122929453849792,0.6163177490234375,0.6146718263626099,0.611215353012085,0.00558922253549099,0.005610126536339521,0.005509837996214628,0.0055542802438139915,0.005737408064305782,0.005793342366814613,0.005634808912873268,0.005672370083630085,0.6694763898849487,0.6694774031639099,0.669467031955719,0.6694722175598145,0.6694920659065247,0.6694968938827515,0.6694821715354919,0.6694851517677307,
131,261227,,,,,,,,,,,,,,,,,,,,,,,,,,,,,,,,,,,,,0.019165778532624245
131,261227,1.0,1.3400952816009521,0.05722920969128609,1.2828657627105713,0.0027683256193995476,0.00450051249936223,-0.0031434325501322746,0.009346703067421913,0.008743868209421635,0.003873595269396901,-0.0006608912372030318,0.008751863613724709,0.6148940920829773,0.612460732460022,0.6126777529716492,0.6103932857513428,0.6119735836982727,0.6149738430976868,0.6148400902748108,0.6111510992050171,0.005607150495052338,0.005601353012025356,0.0055484166368842125,0.005623620469123125,0.005627170205116272,0.005562424194067717,0.005585091654211283,0.005520517472177744,0.6688463687896729,0.6688457727432251,0.6688404083251953,0.6688482165336609,0.6688488125801086,0.6688417792320251,0.6688441634178162,0.6688368916511536,
132,263206,,,,,,,,,,,,,,,,,,,,,,,,,,,,,,,,,,,,,0.019213639199733734
132,263206,1.0,1.3399577140808105,0.057290218770504,1.282669186592102,0.0032197528053075075,0.00561781320720911,-0.0011850312585011125,0.008502147160470486,0.010496819391846657,0.003813371993601322,0.002708501648157835,0.009493756107985973,0.6131834387779236,0.6117543578147888,0.6126198768615723,0.6104362607002258,0.6112589836120605,0.6143556237220764,0.6132837533950806,0.6103691458702087,0.00581447035074234,0.005833200179040432,0.0057795001193881035,0.00567789888009429,0.005660852883011103,0.005600075703114271,0.005745384376496077,0.005704166367650032,0.668247640132904,0.6682461500167847,0.6682522296905518,0.6682464480400085,0.6682523488998413,0.6682542562484741,0.6682447195053101,0.6682505011558533,
133,265185,,,,,,,,,,,,,,,,,,,,,,,,,,,,,,,,,,,,,0.01787419617176056
133,265185,1.0,1.3397691249847412,0.05728621780872345,1.2824853658676147,0.00042478289105929434,0.005631596781313419,-1.4578832633560523e-05,0.009339953772723675,0.010879242792725563,0.00489597674459219,-0.0016091756988316774,0.008441523648798466,0.6127848029136658,0.6121029853820801,0.6121519804000854,0.608765184879303,0.6103137135505676,0.615062415599823,0.6127359867095947,0.6094477772712708,0.005254294723272324,0.00521058589220047,0.005223473068326712,0.005241808481514454,0.005245471838861704,0.005204763729125261,0.005240255501121283,0.005238506942987442,0.6674652695655823,0.6674646139144897,0.6674655675888062,0.667465090751648,0.6674665212631226,0.6674664616584778,0.6674650311470032,0.6674650311470032,
134,267164,,,,,,,,,,,,,,,,,,,,,,,,,,,,,,,,,,,,,0.015635065734386444
134,267164,1.0,1.3397777080535889,0.057274166494607925,1.2825020551681519,0.0009902770398184657,0.005948573350906372,3.421240398893133e-05,0.007714222650974989,0.009291780181229115,0.003604800207540393,0.0017343030776828527,0.008860821835696697,0.6125605702400208,0.6109458208084106,0.6116304397583008,0.6091824173927307,0.6108204126358032,0.6124280095100403,0.6123334169387817,0.6096363067626953,0.005758262239396572,0.005747389979660511,0.005855652503669262,0.005812515504658222,0.005783333443105221,0.005606836173683405,0.005467167589813471,0.005665059667080641,0.6668140292167664,0.6668171286582947,0.6668165922164917,0.6668264865875244,0.6668168902397156,0.6668146848678589,0.6668099761009216,0.666816234588623,
135,269143,,,,,,,,,,,,,,,,,,,,,,,,,,,,,,,,,,,,,0.01054981630295515
135,269143,1.0,1.3395415544509888,0.05727967992424965,1.2822626829147339,0.002272913232445717,0.006026194430887699,0.000459669332485646,0.00594271020963788,0.010663079097867012,0.005236600060015917,0.0012351158075034618,0.0077493274584412575,0.6111766695976257,0.6102594137191772,0.6110753417015076,0.6075988411903381,0.6094020009040833,0.6129075884819031,0.6122335195541382,0.6086186170578003,0.006512477528303862,0.006466134451329708,0.006539778783917427,0.006600984372198582,0.00657756207510829,0.006497334223240614,0.006364777684211731,0.006521719042211771,0.6658331155776978,0.6658278107643127,0.6658356785774231,0.6658421754837036,0.665840208530426,0.6658325791358948,0.665817379951477,0.6658356189727783,
136,271122,,,,,,,,,,,,,,,,,,,,,,,,,,,,,,,,,,,,,0.017701391130685806
136,271122,1.0,1.339510440826416,0.05734998360276222,1.2821621894836426,0.005548754706978798,0.006436104886233807,-0.0035761850886046886,0.011559335514903069,0.008565885946154594,0.004986213985830545,-0.00012675643665716052,0.009134147316217422,0.6112838983535767,0.6098131537437439,0.611171305179596,0.6076509356498718,0.6095845103263855,0.6112165451049805,0.6121597290039062,0.6076377630233765,0.004928026348352432,0.0048723164945840836,0.004907406400889158,0.004887349437922239,0.004923709202557802,0.0049252561293542385,0.004907400347292423,0.0048946812748909,0.6655624508857727,0.6655569076538086,0.6655604243278503,0.6655591726303101,0.6655627489089966,0.665562629699707,0.6655607223510742,0.6655590534210205,
137,273101,,,,,,,,,,,,,,,,,,,,,,,,,,,,,,,,,,,,,0.015800805762410164
137,273101,1.0,1.3395094871520996,0.057413771748542786,1.2820944786071777,0.001322724623605609,0.005764656700193882,0.0007685709279030561,0.008307154290378094,0.010222753509879112,0.005570775363594294,0.0023953986819833517,0.0075555420480668545,0.6107633709907532,0.609757661819458,0.6096017956733704,0.6072600483894348,0.6077890396118164,0.6119452118873596,0.6107230186462402,0.6084461808204651,0.005966177210211754,0.005998996086418629,0.005931639578193426,0.005962414667010307,0.005955242086201906,0.005964851006865501,0.005991438869386911,0.0059548127464950085,0.6656812429428101,0.6656867861747742,0.6656834483146667,0.6656825542449951,0.6656809449195862,0.6656836271286011,0.6656844019889832,0.6656820774078369,
138,275080,,,,,,,,,,,,,,,,,,,,,,,,,,,,,,,,,,,,,0.013823283836245537
138,275080,1.0,1.3393425941467285,0.057447388768196106,1.2818973064422607,0.0017593399388715625,0.005609884392470121,0.00020742819469887763,0.011579498648643494,0.007235089782625437,0.0031439587473869324,-0.00010031904821516946,0.011219493113458157,0.6097594499588013,0.6088929772377014,0.6095101833343506,0.6059551239013672,0.6088409423828125,0.6110356450080872,0.6103377342224121,0.6073908805847168,0.006394837982952595,0.006414677482098341,0.006317434832453728,0.006469185464084148,0.006405441556125879,0.006427258253097534,0.006397188641130924,0.006446192506700754,0.6649935245513916,0.6649961471557617,0.6649848222732544,0.6650029420852661,0.6649948954582214,0.6649982929229736,0.6649937033653259,0.665000319480896,
139,277059,,,,,,,,,,,,,,,,,,,,,,,,,,,,,,,,,,,,,0.016291890293359756
139,277059,1.0,1.3392155170440674,0.05741623044013977,1.2817994356155396,0.002647117944434285,0.004999947734177113,-0.00019148860883433372,0.00949916522949934,0.010128390043973923,0.00494183087721467,0.0009792507626116276,0.009907661005854607,0.6092233061790466,0.6086807250976562,0.6083689332008362,0.604875922203064,0.6065819263458252,0.6094757914543152,0.6096726655960083,0.6057919859886169,0.0056620072573423386,0.005785537883639336,0.0056803287006914616,0.005730198230594397,0.005615063477307558,0.005612702574580908,0.005619259085506201,0.005775403697043657,0.6635230183601379,0.6635335087776184,0.6635099649429321,0.6635324358940125,0.6635212302207947,0.6635064482688904,0.6635082364082336,0.6635312438011169,
140,279038,,,,,,,,,,,,,,,,,,,,,,,,,,,,,,,,,,,,,0.014991160482168198
140,279038,1.0,1.3392925262451172,0.0574662908911705,1.2818256616592407,0.0019631797913461924,0.006603832822293043,-0.001050391816534102,0.00793514959514141,0.009956286288797855,0.004533868283033371,0.0006471349042840302,0.008750304579734802,0.6085898876190186,0.6086174249649048,0.608552098274231,0.6039481163024902,0.6069021224975586,0.6090558767318726,0.6088380217552185,0.605205774307251,0.006124021019786596,0.006122441962361336,0.006123809609562159,0.006125243380665779,0.006123979110270739,0.006123840808868408,0.006124025210738182,0.006127482745796442,0.6632118225097656,0.6632117629051208,0.6632117033004761,0.6632119417190552,0.6632117629051208,0.6632115244865417,0.6632117033004761,0.6632112860679626,
141,281017,,,,,,,,,,,,,,,,,,,,,,,,,,,,,,,,,,,,,0.019589625298976898
141,281017,1.0,1.3390169143676758,0.057494957000017166,1.281521201133728,0.0024016667157411575,0.006033394020050764,0.001997001003473997,0.011181024834513664,0.00784572958946228,0.006333396304398775,0.0013243249850347638,0.006549249403178692,0.6071833968162537,0.6076183915138245,0.6069972515106201,0.6035852432250977,0.6061983108520508,0.6092184782028198,0.6088898181915283,0.6057925224304199,0.007289943750947714,0.007536544464528561,0.007095742039382458,0.0072932434268295765,0.007060060277581215,0.007202320732176304,0.007049281150102615,0.007132150698453188,0.6620843410491943,0.6620814800262451,0.6620849967002869,0.662082850933075,0.6620834469795227,0.6620826721191406,0.6620789170265198,0.6620838642120361,
142,282996,,,,,,,,,,,,,,,,,,,,,,,,,,,,,,,,,,,,,0.014582319185137749
142,282996,1.0,1.3388742208480835,0.05755569413304329,1.2813196182250977,0.005916120484471321,0.007641807198524475,-0.004360636696219444,0.008661824278533459,0.010730074718594551,0.004712249618023634,-0.0008494695066474378,0.008566123433411121,0.6079084277153015,0.6077458262443542,0.6074207425117493,0.6031540036201477,0.6051409840583801,0.6090376973152161,0.608238160610199,0.6039670705795288,0.005485961213707924,0.005556861869990826,0.005493424367159605,0.005495521705597639,0.0055905599147081375,0.005532539449632168,0.0055060675367712975,0.0055281720124185085,0.6622745394706726,0.6622719764709473,0.6622720956802368,0.6622716188430786,0.6622766852378845,0.6622756719589233,0.662274181842804,0.6622757911682129,
143,284975,,,,,,,,,,,,,,,,,,,,,,,,,,,,,,,,,,,,,0.021508725360035896
143,284975,1.0,1.3388686180114746,0.05744622275233269,1.281422734260559,0.003268847707659006,0.005033146124333143,0.0006741688121110201,0.008142034523189068,0.009805271402001381,0.001674277475103736,0.0018680539214983582,0.00805878546088934,0.6067123413085938,0.6059311628341675,0.605669379234314,0.6024550795555115,0.6035623550415039,0.6085270047187805,0.6069093346595764,0.6036517024040222,0.005173237528651953,0.005480135791003704,0.005683435592800379,0.005596531089395285,0.005553612485527992,0.005427042953670025,0.005368296056985855,0.005386285949498415,0.6606290340423584,0.6606791615486145,0.6607149839401245,0.6607010960578918,0.6606915593147278,0.6606720685958862,0.6606606841087341,0.6606625914573669,
144,286954,,,,,,,,,,,,,,,,,,,,,,,,,,,,,,,,,,,,,0.021008839830756187
144,286954,1.0,1.3387954235076904,0.05750463157892227,1.2812929153442383,0.0021556394640356302,0.007818601094186306,0.0005015124334022403,0.008481722325086594,0.008863264694809914,0.005766450427472591,0.0007558057550340891,0.007170252036303282,0.6060143709182739,0.6056392788887024,0.6052016019821167,0.6015754342079163,0.6046053171157837,0.6070008873939514,0.6073271036148071,0.6034663915634155,0.005763025023043156,0.005758017301559448,0.005766774993389845,0.005762544460594654,0.005756464786827564,0.005760799162089825,0.00575723871588707,0.005766462069004774,0.6608179211616516,0.6608168482780457,0.6608175039291382,0.6608176827430725,0.6608172059059143,0.6608173847198486,0.6608170866966248,0.6608180999755859,
145,288933,,,,,,,,,,,,,,,,,,,,,,,,,,,,,,,,,,,,,0.011506139300763607
145,288933,1.0,1.338710069656372,0.057517990469932556,1.2811903953552246,0.00243742810562253,0.0058378493413329124,0.0010245234007015824,0.009253180585801601,0.010199291631579399,0.005000342149287462,0.0014508033636957407,0.010650134645402431,0.6060929894447327,0.6052360534667969,0.6036005020141602,0.6008962988853455,0.603386402130127,0.6062100529670715,0.6058266162872314,0.6023581027984619,0.006712744478136301,0.006697435397654772,0.006706268526613712,0.006702558137476444,0.006706038024276495,0.006707307416945696,0.006710371933877468,0.006711937487125397,0.6597126126289368,0.6597104072570801,0.6597116589546204,0.6597111225128174,0.6597116589546204,0.6597117781639099,0.6597122550010681,0.659712553024292,
146,290912,,,,,,,,,,,,,,,,,,,,,,,,,,,,,,,,,,,,,0.012111145071685314
146,290912,1.0,1.3387094736099243,0.05756307393312454,1.2811452150344849,0.003287573577836156,0.007024824619293213,0.00016433256678283215,0.009678002446889877,0.008478113450109959,0.004603561945259571,0.0025451439432799816,0.009058394469320774,0.6053528189659119,0.6048977971076965,0.6045275330543518,0.6006906628608704,0.6031972169876099,0.6070316433906555,0.6049745678901672,0.6012808680534363,0.005581211764365435,0.005531181115657091,0.005609109532088041,0.005528929177671671,0.005572861526161432,0.0053926934488117695,0.005576751660555601,0.005579793825745583,0.6593874096870422,0.6593801379203796,0.6593915224075317,0.659381091594696,0.6593884229660034,0.6593564748764038,0.6593849658966064,0.6593877673149109,
