epoch,step,train_loss,train_loss_kl,train_loss_recon,val_rank_ic
0,1978,,,,0.020944425836205482
0,1978,1.373092532157898,0.0032213483937084675,1.3698692321777344,
